id;eps
05000;Dirección DEPARTAMENTAL DE ANTIOQUIA
05001;Dirección DE SALUD DE MEDELLIN
05002;Dirección municipal de salud de ABEJORRAL
05004;Dirección MUNICIPAL DE ABRIAQUI
05021;Dirección municipal de salud de ALEJANDRIA
05030;Dirección municipal de salud de AMAGA
05031;Dirección municipal de salud de AMALFI
05034;Dirección municipal de salud de ANDES
05036;Dirección municipal de salud de ANGELOPOLIS
05038;Dirección municipal de salud de ANGOSTURA
05040;Dirección municipal de salud de ANORI
05042;Dirección municipal de salud de SANTAFE DE ANTIOQUIA
05044;Dirección municipal de salud de ANZA
05045;Dirección municipal de salud de APARTADO
05051;Dirección municipal de salud de ARBOLETES
05055;Dirección municipal de salud de ARGELIA
05059;Dirección municipal de salud de ARMENIA
05079;Dirección municipal de salud de BARBOSA
05086;Dirección municipal de salud de BELMIRA
05088;Dirección LOCAL DE SALUD BELLO ANTIOQUIA
05091;Dirección municipal de salud de BETANIA
05093;Dirección municipal de salud de BETULIA
05101;Dirección municipal de salud de CIUDAD BOLIVAR
05107;Dirección municipal de salud de BRICEÑO
05113;Dirección municipal de salud de BURITICA
05120;Dirección municipal de salud de CACERES
05125;Dirección municipal de salud de CAICEDO
05129;Dirección municipal de salud de CALDAS
05134;Dirección municipal de salud de CAMPAMENTO
05138;Dirección municipal de salud de CAÑASGORDAS
05142;Dirección municipal de salud de CARACOLI
05145;Dirección municipal de salud de CARAMANTA
05147;Dirección municipal de salud de CAREPA
05148;Dirección municipal de salud de CARMEN DE VIBORAL
05150;Dirección municipal de salud de CAROLINA
05154;Dirección municipal de salud de CAUCASIA
05172;Dirección municipal de salud de CHIGORODO
05190;Dirección municipal de salud de CISNEROS
05197;Dirección municipal de salud de COCORNA
05206;Dirección municipal de salud de CONCEPCION
05209;Dirección municipal de salud de CONCORDIA
05212;Dirección municipal de salud de COPACABANA
05234;Dirección municipal de salud de DABEIBA
05237;Dirección municipal de salud de DON MATIAS
05240;Dirección municipal de salud de EBEJICO
05250;Dirección municipal de salud de EL BAGRE
05264;Dirección municipal de salud de ENTRERRIOS
05266;Dirección LOCAL DE SALUD DE ENVIGADO
05282;Dirección municipal de salud de FREDONIA
05284;Dirección municipal de salud de FRONTINO
05306;Dirección municipal de salud de GIRALDO
05308;Dirección municipal de salud de GIRARDOTA
05310;Dirección municipal de salud de GOMEZ PLATA
05313;Dirección municipal de salud de GRANADA
05315;Dirección municipal de salud de GUADALUPE
05318;Dirección municipal de salud de GUARNE
05321;Dirección municipal de salud de GUATAPE
05347;Dirección municipal de salud de HELICONIA
05353;Dirección municipal de salud de HISPANIA
05360;Dirección municipal de salud de ITAGUI
05361;Dirección municipal de salud de ITUANGO
05364;Dirección municipal de salud de JARDIN
05368;Dirección municipal de salud de JERICO
05376;Dirección municipal de salud de LA CEJA
05380;Dirección municipal de salud de LA ESTRELLA
05390;Dirección municipal de salud de LA PINTADA
05400;Dirección municipal de salud de LA UNION
05411;Dirección municipal de salud de LIBORINA
05425;Dirección municipal de salud de MACEO
05440;Dirección municipal de salud de MARINILLA
05467;Dirección municipal de salud de MONTEBELLO
05475;Dirección municipal de salud de MURINDO
05480;Dirección municipal de salud de MUTATA
05483;Dirección municipal de salud de NARIÑO
05490;Dirección municipal de salud de NECOCLI
05495;Dirección municipal de salud de NECHI
05501;Dirección municipal de salud de OLAYA
05541;Dirección municipal de salud de PEÑOL
05543;Dirección municipal de salud de PEQUE
05576;Dirección municipal de salud de PUEBLORRICO
05579;Dirección municipal de salud de PUERTO BERRIO
05585;Dirección municipal de salud de PUERTO NARE
05591;Dirección municipal de salud de PUERTO TRIUNFO
05604;Dirección municipal de salud de REMEDIOS
05607;Dirección municipal de salud de RETIRO
05615;Dirección municipal de salud de RIONEGRO
05628;Dirección municipal de salud de SABANALARGA
05631;SECRETARIA DE SALUD SABANETA ANTIOQUIA
05642;Dirección municipal de salud de SALGAR
05647;Dirección municipal de salud de SAN ANDRES
05649;Dirección municipal de salud de SAN CARLOS
05652;Dirección municipal de salud de SAN FRANCISCO
05656;Dirección municipal de salud de SAN JERONIMO
05658;Dirección municipal de salud de SAN JOSE DE LA MONTAÑA
05659;Dirección LOCAL DE SALUD DE SAN JUAN DE URABA
05660;Dirección municipal de salud de SAN LUIS
05664;Dirección municipal de salud de SAN PEDRO
05665;Dirección municipal de salud de SAN PEDRO DE URABA
05667;Dirección municipal de salud de SAN RAFAEL
05670;Dirección municipal de salud de SAN ROQUE
05674;Dirección municipal de salud de SAN VICENTE
05679;Dirección municipal de salud de SANTA BARBARA
05686;Dirección municipal de salud de SANTAROSA DE OSOS
05690;Dirección municipal de salud de SANTO DOMINGO
05697;Dirección LOCAL DE SALUD EL SANTUARIO
05736;Dirección municipal de salud de SEGOVIA
05756;Dirección municipal de salud de SONSON
05761;Dirección municipal de salud de SOPETRAN
05789;Dirección municipal de salud de TAMESIS
05790;Dirección municipal de salud de TARAZA
05792;Dirección municipal de salud de TARSO
05809;Dirección municipal de salud de TITIRIBI
05819;Dirección municipal de salud de TOLEDO
05837;Dirección municipal de salud de TURBO
05842;Dirección municipal de salud de URAMITA
05847;Dirección municipal de salud de URRAO
05854;Dirección municipal de salud de VALDIVIA
05856;Dirección municipal de salud de VALPARAISO
05858;Dirección LOCAL DE SALUD VEGACHI ANT
05861;Dirección municipal de salud de VENECIA
05873;Dirección municipal de salud de VIGIA DEL FUERTE
05885;Dirección municipal de salud de YALI
05887;Dirección municipal de salud de YARUMAL
05890;Dirección municipal de salud de YOLOMBO
05893;Dirección municipal de salud de YONDO
05895;Dirección municipal de salud de ZARAGOZA
08000;DIRE3CCION DEPARTAMENTAL DE ATLANTICO
08001;Dirección municipal de salud de BARRANQUILLA
08078;Dirección municipal de salud de BARANOA
08137;Dirección municipal de salud de CAMPO DE LA CRUZ
08141;Dirección municipal de salud de CANDELARIA
08296;Dirección municipal de salud de GALAPA
08372;Dirección municipal de salud de JUAN DE ACOSTA
08421;Dirección municipal de salud de LURUACO
08433;Dirección municipal de salud de MALAMBO
08436;Dirección municipal de salud de MANATI
08520;Dirección municipal de salud de PALMAR DE VARELA
08549;Dirección municipal de salud de PIOJO
08558;Dirección municipal de salud de POLONUEVO
08560;Dirección municipal de salud de PONEDERA
08573;Dirección municipal de salud de PUERTO COLOMBIA
08606;Dirección municipal de salud de REPELON
08634;Dirección municipal de salud de SABANAGRANDE
08638;Dirección municipal de salud de SABANALARGA
08675;Dirección municipal de salud de SANTA LUCIA
08685;Dirección municipal de salud de SANTO TOMAS
08758;Dirección municipal de salud de SOLEDAD
08770;Dirección municipal de salud de SUAN
08832;Dirección municipal de salud de TUBARA
08849;Dirección municipal de salud de USIACURI
11000;SECRETARIA DISTRITAL DE SALUD
11001;SECRETARIA DISTRITAL DE SALUD
11002;Dirección municipal de salud de CAPINERO
11003;Dirección municipal de salud de SANTA FE
11004;Dirección municipal de salud de SAN CRISTOBAL
11005;Dirección municipal de salud de USME
11006;Dirección municipal de salud de TUNJUELITO
11007;Dirección municipal de salud de BOSA
11008;Dirección municipal de salud de KENNEDY
11009;Dirección municipal de salud de FONTIBON
11010;Dirección municipal de salud de ENGATIVA
11011;Dirección municipal de salud de SUBA
11012;Dirección municipal de salud de BARRIOS UNIDOS
11013;Dirección municipal de salud de TEUSAQUILLO
11014;Dirección municipal de salud de MARTIRES
11015;Dirección municipal de salud de ANTONIO NARIÑO
11016;Dirección municipal de salud de PUENTE ARANDA
11017;Dirección municipal de salud de CANDELARIA
11018;Dirección municipal de salud de RAFAEL URIBE
11019;Dirección municipal de salud de CIUDAD BOLIVAR
11020;Dirección municipal de salud de SUMAPAZ
13000;Dirección DEPARTAMENTAL DE BOLIVAR
13001;Dirección municipal de salud de CARTAGENA
13006;Dirección municipal de salud de ACHI
13030;Dirección municipal de salud de ALTOS DEL ROSARIO
13042;Dirección municipal de salud de ARENAL
13052;Dirección municipal de salud de ARJONA
13062;Dirección municipal de salud de ARROYOHONDO
13074;Dirección municipal de salud de BARRANCO DE LOBA
13-1;ALLIANZ SEGUROS S.A.
13-14;ASEG GENERALI COLOMBIASEGUROS GENERALES SA
13140;Dirección municipal de salud de CALAMAR
13-15;ASEG ROYAL & SUN ALLIANCE SEGUROS (COLOMBIA) SA
13160;Dirección municipal de salud de CANTAGALLO
13-17;ASEG COMPAÑIA MUNDIAL DE SEGUROS S.A.
13-18;SEGUROS GENERALES SURAMERICANA S.A.
13188;Dirección municipal de salud de CICUCO
13-19;ASEG CONDOR SA COMPAÑIA DE SEGUROS GENERALES
13-21;ASEG CHUBB DE COLOMBIA COMPAÑIA DE SEGUROS SA
13212;Dirección municipal de salud de CORDOBA
13-22;CHARTIS SEGUROS COLOMBIA S.A.
13222;Dirección municipal de salud de CLEMENCIA
13-24;ASEG LA PREVISORA S.A. COMPAÑIA DE SEGUROS
13244;Dirección municipal de salud de EL CARMEN DE BOLIVAR
13248;Dirección municipal de salud de EL GUAMO
13-25;ASEG SEGUROS ALFA SA
13-26;ASEG MAPFRE SEGUROS GENERALES DE COLOMBIA SA
13268;Dirección municipal de salud de EL PENON
13-27;ASEG SEGUROS COMERCIALES BOLIVAR SA
13-29;ASEG SEGUROS DEL ESTADO S.A.
13-30;ASEG SEGUREXPO DE COLOMBIA SA ASEGURADORA DE CREDITO Y DEL COMERCIO EXTERIOR
13300;Dirección municipal de salud de HATILLO DE LOBA
13-33;ASEG LIBERTY SEGUROS S.A.
13-41;ASEG BBVA SEGUROS COLOMBIA SA
13-42;MAPFRE SEGUROS DE CREDITO S.A.
13430;Dirección municipal de salud de MAGANGUE
13433;Dirección municipal de salud de MAHATES
13-44;CARDIF COLOMBIA SEGUROS GENERALES S.A.
13440;Dirección municipal de salud de MARGARITA
13442;Dirección municipal de salud de MARIA LA BAJA
13458;Dirección municipal de salud de MONTECRISTO
13468;Dirección municipal de salud de MOMPOS
13473;Dirección municipal de salud de MORALES
13490;Dirección MUNICIPAL DE NOROSI
13-5;ASEG ACE SEGUROS SA
13549;Dirección municipal de salud de PINILLOS
13580;Dirección municipal de salud de REGIDOR
13-6;ASEG SEGUROS COLPATRIA S.A.
13600;Dirección municipal de salud de RIO VIEJO
13620;Dirección municipal de salud de SAN CRISTOBAL
13647;Dirección municipal de salud de SAN ESTANISLAO
13650;Dirección municipal de salud de SAN FERNANDO
13654;Dirección municipal de salud de SAN JACINTO
13655;Dirección municipal de salud de SAN JACINTO DEL CAUCA
13657;Dirección municipal de salud de SAN JUAN NEPOMUCENO
13667;Dirección municipal de salud de SAN MARTIN DE LOBA
13670;Dirección municipal de salud de SAN PABLO
13673;Dirección municipal de salud de SANTA CATALINA
13683;Dirección municipal de salud de SANTA ROSA
13688;Dirección municipal de salud de SANTA ROSA DEL SUR
13-7;ECO SEGUROS S.A.
13744;Dirección municipal de salud de SIMITI
13760;Dirección municipal de salud de SOPLAVIENTO
13780;Dirección municipal de salud de TALAIGUA NUEVO
13-8;ASEG COMPAÑIA ASEGURADORA DE FIANZAS SA, CONFIANZA (VER NOVEDADES 2000
13810;Dirección municipal de salud de TIQUISIO
13836;Dirección municipal de salud de TURBACO
13838;Dirección municipal de salud de TURBANA
13873;Dirección municipal de salud de VILLANUEVA
13894;Dirección municipal de salud de ZAMBRANO
13-9;CENTRAL DE SEGUROS
14-1;ALLIANZ SEGUROS DE VIDA S.A.
14-10;ASEG GENERALI COLOMBIA VIDA COMPAÑIA DE SEGUROS S.A.
14-11;ASEG SEGUROS DE VIDA SURAMERICANA S.A.
14-13;METLIFE COLOMBIA S.A
14-16;ASEG PAN AMERICAN LIFE DE COLOMBIA COMPAÑIA DE SEGUROS DE VIDA S.A.
14-17;SEGUROS DE VIDA ALFA S.A. VIDALFA S.A.
14-18;LIBERTY SEGUROS DE VIDA SA
14-19;ASEG SEGUROS DE VIDA DEL ESTADO S.A.
14-20;GLOBAL SEGUROS
14-23;POSITIVA COMPAÑIA DE SEGUROS SA
14-25;COMPAÑIA DE SEGUROS DE VIDA COLMENA S.A.
14-26;ASEG BBV SEGUROS GANADERO COMPAÑIA DE SEGUROS DE VIDA SA LA GANADERA ADMINISTRADORA DE RIESGOS PROFESIONALES
14-28;SEGUROS DE RIESGOS LABORALES SURAMERICANA S.A.
14-29;LA EQUIDAD SEGUROS DE VIDA
14-30;MAPFRE COLOMBIA VIDA SEGUROS S A
14-31;BMI COLOMBIA S.A.
14-4;SEGUROS DE VIDA AXA COLPATRIA S.A
14-7;COMPAÑIA DE SEGUROS BOLIVAR S.A.
14-8;COMPANIA DE SEGUROS DE VIDA AURORA S A
15000;Dirección DE DEPARTAMENTAL DE BOYACA
15001;Dirección municipal de salud de TUNJA
15022;Dirección municipal de salud de ALMEIDA
15047;Dirección municipal de salud de AQUITANIA
15051;Dirección municipal de salud de ARCABUCO
15087;Dirección municipal de salud de BELEN
15090;Dirección municipal de salud de BERBEO
15092;Dirección municipal de salud de BETEITIVA
15097;Dirección municipal de salud de BOAVITA
15-1;LA EQUIDAD SEGUROS GENERALES
15104;Dirección municipal de salud de BOYACA
15106;Dirección municipal de salud de BRICEÑO
15109;Dirección municipal de salud de BUENAVISTA
15114;Dirección municipal de salud de BUSBANZA
15131;Dirección municipal de salud de CALDAS
15135;Dirección municipal de salud de CAMPOHERMOSO
15162;Dirección municipal de salud de CERINZA
15172;Dirección municipal de salud de CHINAVITA
15176;Dirección municipal de salud de CHIQUINQUIRA
15180;Dirección municipal de salud de CHISCAS
15183;Dirección municipal de salud de CHITA
15185;Dirección municipal de salud de CHITARAQUE
15187;Dirección municipal de salud de CHIVATA
15189;Dirección municipal de salud de CIENEGA
15-2;ASEG SOLIDARIA DE COLOMBIA LTDA ENTIDAD COOPERATIVA SOLIDARIA
15204;Dirección municipal de salud de COMBITA
15212;Dirección municipal de salud de COPER
15215;Dirección municipal de salud de CORRALES
15218;Dirección municipal de salud de COVARACHIA
15223;Dirección municipal de salud de CUBARA
15224;Dirección municipal de salud de CUCAITA
15226;Dirección municipal de salud de CUITIVA
15232;Dirección municipal de salud de CHIQUIZA
15236;Dirección municipal de salud de CHIVOR
15238;Dirección municipal de salud de DUITAMA
15244;Dirección municipal de salud de EL COCUY
15248;Dirección municipal de salud de EL ESPINO
15272;Dirección municipal de salud de FIRAVITOBA
15276;Dirección municipal de salud de FLORESTA
15293;Dirección municipal de salud de GACHANTIVA
15296;Dirección municipal de salud de GAMEZA
15299;Dirección municipal de salud de GARAGOA
15317;Dirección municipal de salud de GUACAMAYAS
15322;Dirección municipal de salud de GUATEQUE
15325;Dirección municipal de salud de GUAYATA
15332;Dirección municipal de salud de GUICAN
15362;Dirección municipal de salud de IZA
15367;Dirección municipal de salud de JENESANO
15368;Dirección municipal de salud de JERICO
15377;Dirección municipal de salud de LABRANZAGRANDE
15380;Dirección municipal de salud de LA CAPILLA
15401;Dirección municipal de salud de LA VICTORIA
15403;Dirección municipal de salud de LA UVITA
15407;Dirección municipal de salud de VILLA DE LEYVA
15425;Dirección municipal de salud de MACANAL
15442;Dirección municipal de salud de MARIPI
15455;Dirección municipal de salud de MIRAFLORES
15464;Dirección municipal de salud de MONGUA
15466;Dirección municipal de salud de MONGUI
15469;Dirección municipal de salud de MONIQUIRA
15476;Dirección municipal de salud de MOTAVITA
15480;Dirección municipal de salud de MUZO
15491;Dirección municipal de salud de NOBSA
15494;Dirección municipal de salud de NUEVO COLON
15500;Dirección municipal de salud de OICATA
15507;Dirección municipal de salud de OTANCHE
15511;Dirección municipal de salud de PACHAVITA
15514;Dirección municipal de salud de PAEZ
15516;Dirección municipal de salud de PAIPA
15518;Dirección municipal de salud de PAJARITO
15522;Dirección municipal de salud de PANQUEBA
15531;Dirección municipal de salud de PAUNA
15533;Dirección municipal de salud de PAYA
15537;Dirección municipal de salud de PAZ DE RIO
15542;Dirección municipal de salud de PESCA
15550;Dirección municipal de salud de PISBA
15572;Dirección municipal de salud de PUERTO BOYACA
15580;Dirección municipal de salud de QUIPAMA
15599;Dirección municipal de salud de RAMIRIQUI
15600;Dirección municipal de salud de RAQUIRA
15621;Dirección municipal de salud de RONDON
15632;Dirección municipal de salud de SABOYA
15638;Dirección municipal de salud de SACHICA
15646;Dirección municipal de salud de SAMACA
15660;Dirección municipal de salud de SAN EDUARDO
15664;Dirección municipal de salud de SAN JOSE DE PARE
15667;Dirección municipal de salud de SAN LUIS DE GACENO
15673;Dirección municipal de salud de SAN MATEO
15676;Dirección municipal de salud de SAN MIGUEL DE SEMA
15681;Dirección municipal de salud de SAN PABLO BORBUR
15686;Dirección municipal de salud de SANTANA
15690;Dirección municipal de salud de SANTA MARIA
15693;Dirección municipal de salud de SAN ROSA VITERBO
15696;Dirección municipal de salud de SANTA SOFIA
15720;Dirección municipal de salud de SATIVANORTE
15723;Dirección municipal de salud de SATIVASUR
15740;Dirección municipal de salud de SIACHOQUE
15753;Dirección municipal de salud de SOATA
15755;Dirección municipal de salud de SOCOTA
15757;Dirección municipal de salud de SOCHA
15759;Dirección municipal de salud de SOGAMOSO
15761;Dirección municipal de salud de SOMONDOCO
15762;Dirección municipal de salud de SORA
15763;Dirección municipal de salud de SOTAQUIRA
15764;Dirección municipal de salud de SORACA
15774;Dirección municipal de salud de SUSACON
15776;Dirección municipal de salud de SUTAMARCHAN
15778;Dirección municipal de salud de SUTATENZA
15790;Dirección municipal de salud de TASCO
15798;Dirección municipal de salud de TENZA
15804;Dirección municipal de salud de TIBANA
15806;Dirección municipal de salud de TIBASOSA
15808;Dirección municipal de salud de TINJACA
15810;Dirección municipal de salud de TIPACOQUE
15814;Dirección municipal de salud de TOCA
15816;Dirección municipal de salud de TOGUI
15820;Dirección municipal de salud de TOPAGA
15822;Dirección municipal de salud de TOTA
15832;Dirección municipal de salud de TUNUNGUA
15835;Dirección municipal de salud de TURMEQUE
15837;Dirección municipal de salud de TUTA
15839;Dirección municipal de salud de TUTAZA
15842;Dirección municipal de salud de UMBITA
15861;Dirección municipal de salud de VENTAQUEMADA
15879;Dirección municipal de salud de VIRACACHA
15897;Dirección municipal de salud de ZETAQUIRA
17000;Dirección DEPARTAMENTAL DE CALDAS
17001;Dirección municipal de salud de MANIZALES
17013;Dirección municipal de salud de AGUADAS
17042;Dirección municipal de salud de ANSERMA
17050;Dirección municipal de salud de ARANZAZU
17088;Dirección municipal de salud de BELALCAZAR
17174;Dirección municipal de salud de CHINCHINA
17272;Dirección municipal de salud de FILADELFIA
17380;Dirección municipal de salud de LA DORADA
17388;Dirección municipal de salud de LA MERCED
17433;Dirección municipal de salud de MANZANARES
17442;Dirección municipal de salud de MARMATO
17444;Dirección municipal de salud de MARQUETALIA
17446;Dirección municipal de salud de MARULANDA
17486;Dirección municipal de salud de NEIRA
17495;Dirección municipal de salud de NORCASIA
17513;Dirección municipal de salud de PACORA
17524;Dirección municipal de salud de PALESTINA
17541;Dirección municipal de salud de PENSILVANIA
17614;Dirección municipal de salud de RIOSUCIO
17616;Dirección municipal de salud de RISARALDA
17653;Dirección municipal de salud de SALAMINA
17662;Dirección municipal de salud de SAMANA
17665;Dirección municipal de salud de SAN JOSE
17777;Dirección municipal de salud de SUPIA
17867;Dirección municipal de salud de VICTORIA
17873;Dirección municipal de salud de VILLAMARIA
17877;Dirección municipal de salud de VITERBO
18000;Dirección DEPARTAMENTAL DE CAQUETA
18001;Dirección municipal de salud de FLORENCIA
18029;Dirección municipal de salud de ALBANIA CAQUETA
18094;Dirección municipal de salud de BELEN DE LOS ANDAQUIES
18150;Dirección municipal de salud de CARTAGENA DEL CHAIRA
18205;Dirección municipal de salud de CURRILLO
18247;Dirección municipal de salud de EL DONCELLO
18256;Dirección municipal de salud de EL PAUJIL
18410;Dirección municipal de salud de LA MONTAÑITA
18460;Dirección municipal de salud de MILAN
18479;Dirección municipal de salud de MORELIA
18592;Dirección municipal de salud de PUERTO RICO
18610;Dirección municipal de salud de SAN JOSE DE LA FRAGUA
18753;Dirección municipal de salud de SAN VICENTE DEL CAGUAN
18756;Dirección municipal de salud de SOLANO
18785;Dirección municipal de salud de SOLITA
18860;Dirección municipal de salud de VALPARAISO
19000;Dirección DEPARTAMENTAL DEL CAUCA
19001;Dirección municipal de salud de POPAYAN
19022;Dirección municipal de salud de ALMAGUER
19050;Dirección municipal de salud de ARGELIA
19075;Dirección municipal de salud de BALBOA
19100;Dirección municipal de salud de BOLIVAR
19110;Dirección municipal de salud de BUENOS AIRES
19130;Dirección municipal de salud de CAJIBIO
19137;Dirección municipal de salud de CALDONO
19142;Dirección municipal de salud de CALOTO
19212;Dirección municipal de salud de CORINTO
19256;Dirección municipal de salud de EL TAMBO
19290;Dirección municipal de salud de FLORENCIA
19300;Dirección MUNICIPAL DE GUACHENE
19318;Dirección municipal de salud de GUAPI
19355;Dirección municipal de salud de INZA
19364;Dirección municipal de salud de JAMBALO
19392;Dirección municipal de salud de LA SIERRA
19397;Dirección municipal de salud de LA VEGA
19418;Dirección municipal de salud de LOPEZ
19450;Dirección municipal de salud de MERCADERES
19455;Dirección municipal de salud de MIRANDA
19473;Dirección municipal de salud de MORALES
19513;Dirección municipal de salud de PADILLA
19517;Dirección municipal de salud de PAEZ
19532;Dirección municipal de salud de PATIA
19533;Dirección municipal de salud de PIAMONTE
19548;Dirección municipal de salud de PIENDAMO
19573;Dirección municipal de salud de PUERTO TEJADA
19585;Dirección municipal de salud de PURACE
19622;Dirección municipal de salud de ROSAS
19693;Dirección municipal de salud de SAN SEBASTIAN
19698;Dirección municipal de salud de SANTANDER DE QUILICHAO
19701;Dirección municipal de salud de SANTA ROSA
19743;Dirección municipal de salud de SILVIA
19760;Dirección municipal de salud de SOTARA
19780;Dirección municipal de salud de SUAREZ
19785;Dirección municipal de salud de SUCRE
19807;Dirección municipal de salud de TIMBIO
19809;Dirección municipal de salud de TIMBIQUI
19821;Dirección municipal de salud de TORIBIO
19824;Dirección municipal de salud de TOTORO
19845;Dirección municipal de salud de VILLA RICA
20000;Dirección DEPARTAMENTAL DEL CESAR
20001;Dirección municipal de salud de VALLEDUPAR
20011;Dirección municipal de salud de AGUACHICA
20013;Dirección municipal de salud de AGUSTIN CODAZZI
20032;Dirección municipal de salud de ASTREA
20045;Dirección municipal de salud de BECERRIL
20060;Dirección municipal de salud de BOSCONIA
20175;Dirección municipal de salud de CHIMICHAGUA
20178;Dirección municipal de salud de CHIRIGUANA
20228;Dirección municipal de salud de CURUMANI
20238;Dirección municipal de salud de EL COPEY
20250;Dirección municipal de salud de EL PASO
20295;Dirección municipal de salud de GAMARRA
20310;Dirección municipal de salud de GONZALEZ
20383;Dirección municipal de salud de LA GLORIA
20400;Dirección municipal de salud de LA JAGUA DE IBIRICO
20443;Dirección municipal de salud de MANAURE
20517;Dirección municipal de salud de PAILITAS
20550;Dirección municipal de salud de PELAYA
20570;Dirección municipal de salud de PUEBLO BELLO
20614;Dirección municipal de salud de RIO DE ORO
20621;Dirección municipal de salud de LA PAZ
20710;Dirección municipal de salud de SAN ALBERTO
20750;Dirección municipal de salud de SAN DIEGO
20770;Dirección municipal de salud de SAN MARTIN
20787;Dirección municipal de salud de TAMALAMEQUE
23000;Dirección DEPARTAMETAL DE CORDOBA
23001;Dirección municipal de salud de MONTERIA
23068;Dirección municipal de salud de AYAPEL
23079;Dirección municipal de salud de BUENAVISTA
23090;Dirección municipal de salud de CANALETE
23162;Dirección municipal de salud de CERETE
23168;Dirección municipal de salud de CHIMA
23182;Dirección municipal de salud de CHINU
23189;Dirección municipal de salud de CIENAGA DE ORO
23300;Dirección municipal de salud de COTORRA
23350;Dirección municipal de salud de LA APARTADA
23417;Dirección municipal de salud de LORICA
23419;Dirección municipal de salud de LOS CORDOBAS
23464;Dirección municipal de salud de MOMIL
23466;Dirección municipal de salud de MONTELIBANO
23500;Dirección municipal de salud de MOÑITOS
23555;Dirección municipal de salud de PLANETA RICA
23570;Dirección municipal de salud de PUEBLO NUEVO
23574;Dirección municipal de salud de PUERTO ESCONDIDO
23580;Dirección municipal de salud de PUERTO LIBERTADOR
23586;Dirección municipal de salud de PURISIMA
23660;Dirección municipal de salud de SAHAGUN
23670;Dirección municipal de salud de SAN ANDRES DE SOTAVENTO
23672;Dirección municipal de salud de SAN ANTERO
23675;Dirección municipal de salud de SAN BERNARDO DEL VIENTO
23678;Dirección municipal de salud de SAN CARLOS
23682;Dirección MUNICIPAL DE SAN JOSE DE URE
23686;Dirección municipal de salud de SAN PELAYO
23807;Dirección municipal de salud de TIERRALTA
23815;Dirección MUNICIPAL DE TUCHIN
23855;Dirección municipal de salud de VALENCIA
25000;Dirección DEPARTAMENTAL DE CUNDINAMARCA
25001;Dirección municipal de salud de AGUA DE DIOS
25019;Dirección municipal de salud de ALBAN
25035;Dirección municipal de salud de ANAPOIMA
25040;Dirección municipal de salud de ANOLAIMA
25053;Dirección municipal de salud de ARBELAEZ
25086;Dirección municipal de salud de BELTRAN
25095;Dirección municipal de salud de BITUIMA
25099;Dirección municipal de salud de BOJACA
25120;Dirección municipal de salud de CABRERA
25123;Dirección municipal de salud de CACHIPAY
25126;Dirección municipal de salud de CAJICA
25148;Dirección municipal de salud de CAPARRAPI
25151;Dirección municipal de salud de CAQUEZA
25154;Dirección municipal de salud de CARMEN DE CARUPA
25168;Dirección municipal de salud de CHAGUANI
25175;Dirección municipal de salud de CHIA
25178;Dirección municipal de salud de CHIPAQUE
25181;Dirección municipal de salud de CHOACHI
25183;Dirección municipal de salud de CHOCONTA
25200;Dirección municipal de salud de COGUA
25214;Dirección municipal de salud de COTA
25224;Dirección municipal de salud de CUCUNUBA
25245;Dirección municipal de salud de EL COLEGIO
25258;Dirección municipal de salud de EL PEÑON
25260;Dirección municipal de salud de EL ROSAL
25269;Dirección municipal de salud de FACATATIVA
25279;Dirección municipal de salud de FOMEQUE
25281;Dirección municipal de salud de FOSCA
25286;Dirección municipal de salud de FUNZA
25288;Dirección municipal de salud de FUQUENE
25290;Dirección municipal de salud de FUSAGASUGA
25293;Dirección municipal de salud de GACHALA
25295;Dirección municipal de salud de GACHANCIPA
25297;Dirección municipal de salud de GACHETA
25299;Dirección municipal de salud de GAMA
25307;Dirección municipal de salud de GIRARDOT
25312;Dirección municipal de salud de GRANADA
25317;Dirección municipal de salud de GUACHETA
25320;Dirección municipal de salud de GUADUAS
25322;Dirección municipal de salud de GUASCA
25324;Dirección municipal de salud de GUATAQUI
25326;Dirección municipal de salud de GUATAVITA
25328;Dirección municipal de salud de GUAYABAL DE SIQUIMA
25335;Dirección municipal de salud de GUAYABETAL
25339;Dirección municipal de salud de GUTIERREZ
25368;Dirección municipal de salud de JERUSALEN
25372;Dirección municipal de salud de JUNIN
25377;Dirección municipal de salud de LA CALERA
25386;Dirección municipal de salud de LA MESA
25394;Dirección municipal de salud de LA PALMA
25398;Dirección municipal de salud de LA PEÑA
25402;Dirección municipal de salud de LA VEGA
25407;Dirección municipal de salud de LENGUAZAQUE
25426;Dirección municipal de salud de MACHETA
25430;Dirección municipal de salud de MADRID
25436;Dirección municipal de salud de MANTA
25438;Dirección municipal de salud de MEDINA
25473;Dirección municipal de salud de MOSQUERA
25483;Dirección municipal de salud de NARIÑO
25486;Dirección municipal de salud de NEMOCON
25488;Dirección municipal de salud de NILO
25489;Dirección municipal de salud de NIMAIMA
25491;Dirección municipal de salud de NOCAIMA
25506;Dirección municipal de salud de VENECIA
25513;Dirección municipal de salud de PACHO
25518;Dirección municipal de salud de PAIME
25524;Dirección municipal de salud de PANDI
25530;Dirección municipal de salud de PARATEBUENO
25535;Dirección municipal de salud de PASCA
25572;Dirección municipal de salud de PUERTO SALGAR
25580;Dirección municipal de salud de PULI
25592;Dirección municipal de salud de QUEBRADANEGRA
25594;Dirección municipal de salud de QUETAME
25596;Dirección municipal de salud de QUIPILE
25599;Dirección municipal de salud de APULO
25612;Dirección municipal de salud de RICAURTE
25645;Dirección municipal de salud de SAN ANTONIO DE TEQUENDAMA
25649;Dirección municipal de salud de SAN BERNARDO
25653;Dirección municipal de salud de SAN CAYETANO
25658;Dirección municipal de salud de SAN FRANCISCO
25662;Dirección municipal de salud de SAN JUAN DE RIOSECO
25718;Dirección municipal de salud de SASAIMA
25736;Dirección municipal de salud de SESQUILE
25740;Dirección municipal de salud de SIBATE
25743;Dirección municipal de salud de SILVANIA
25745;Dirección municipal de salud de SIMIJACA
25754;Dirección municipal de salud de SOACHA
25758;Dirección municipal de salud de SOPO
25769;Dirección municipal de salud de SUBACHOQUE
25772;Dirección municipal de salud de SUESCA
25777;Dirección municipal de salud de SUPATA
25779;Dirección municipal de salud de SUSA
25781;Dirección municipal de salud de SUTATAUSA
25785;Dirección municipal de salud de TABIO
25793;Dirección municipal de salud de TAUSA
25797;Dirección municipal de salud de TENA
25799;Dirección municipal de salud de TENJO
25805;Dirección municipal de salud de TIBACUY
25807;Dirección municipal de salud de TIBIRITA
25815;Dirección municipal de salud de TOCAIMA
25817;Dirección municipal de salud de TOCANCIPA
25823;Dirección municipal de salud de TOPAIPI
25839;Dirección municipal de salud de UBALA
25841;Dirección municipal de salud de UBAQUE
25843;Dirección municipal de salud de UBATE
25845;Dirección municipal de salud de UNE
25851;Dirección municipal de salud de UTICA
25862;Dirección municipal de salud de VERGARA
25867;Dirección municipal de salud de VIANI
25871;Dirección municipal de salud de VILLAGOMEZ
25873;Dirección municipal de salud de VILLAPINZON
25875;Dirección municipal de salud de VILLETA
25878;Dirección municipal de salud de VIOTA
25885;Dirección municipal de salud de YACOPI
25898;Dirección municipal de salud de ZIPACON
25899;Dirección municipal de salud de ZIPAQUIRA
27000;Dirección DEPARTAMENTAL DE CHOCO
27001;Dirección municipal de salud de QUIBDO
27006;Dirección MUNICIPAL DE ACANDI
27025;Dirección municipal de salud de ALTO BAUDO
27050;Dirección municipal de salud de ATRATO
27073;Dirección municipal de salud de BAGADO
27075;Dirección municipal de salud de BAHIA SOLANO
27077;Dirección municipal de salud de BAJO BAUDO
27086;Dirección municipal de salud de BELEN DE BAJIRA
27099;Dirección municipal de salud de BOJAYA
27135;Dirección municipal de salud de CANTON DE SAN PABLO
27150;Dirección municipal de salud de CARMEN DEL DARIEN
27160;Dirección municipal de salud de CERTEGUI
27205;Dirección municipal de salud de CONDOTO
27245;Dirección municipal de salud de EL CARMEN DE ATRATO
27250;Dirección municipal de salud de EL LITORAL DEL SAN JUAN
27361;Dirección municipal de salud de ITSMINA
27372;Dirección municipal de salud de JURADO
27413;Dirección municipal de salud de LLORO
27425;Dirección municipal de salud de MEDIO ATRATO
27430;Dirección municipal de salud de MEDIO BAUDO
27450;Dirección municipal de salud de MEDIO SAN JUAN
27491;Dirección municipal de salud de NOVITA
27495;Dirección municipal de salud de NUQUI
27580;Dirección municipal de salud de RIO IRO
27600;Dirección municipal de salud de RIO QUITO
27615;Dirección municipal de salud de RIOSUCIO
27660;Dirección municipal de salud de SAN JOSE DEL PALMAR
27745;Dirección municipal de salud de SIPI
27787;Dirección municipal de salud de TADO
27800;Dirección municipal de salud de UNGUIA
27810;Dirección municipal de salud de UNION PANAMERICANA
41000;Dirección DEPARTAMENTAL DE HUILA
41001;Dirección LOCAL DE SALUD DE NEIVA
41006;Dirección LOCAL DE SALUD DE ACEVEDO HUILA
41013;Dirección municipal de salud de AGRADO
41016;Dirección LOCAL DE SALUD DE AIPE
41020;Dirección municipal de salud de ALGECIRAS
41026;Dirección municipal de salud de ALTAMIRA
41078;Dirección municipal de salud de BARAYA
41132;Dirección municipal de salud de CAMPOALEGRE
41206;Dirección municipal de salud de COLOMBIA
41244;Dirección municipal de salud de ELIAS
41298;Dirección municipal de salud de GARZON
41306;Dirección municipal de salud de GIGANTE
41319;Dirección municipal de salud de GUADALUPE
41349;Dirección municipal de salud de HOBO
41357;Dirección municipal de salud de IQUIRA
41359;Dirección municipal de salud de ISNOS
41378;Dirección municipal de salud de LA ARGENTINA
41396;Dirección LOCAL DE SALUD LA PLATA HUILA
41483;Dirección LOCAL DE SALUD NATAGA HUILA
41503;Dirección municipal de salud de OPORAPA
41518;Dirección municipal de salud de PAICOL
41524;Dirección LOCAL DE SALUD DE PALERMO HUILA
41530;Dirección LOCAL DE SALUD PALESTINA HUILA
41548;Dirección LOCAL DE SALUD EL PITAL
41551;Dirección LOCAL DE SALUD DE PITALITO HUILA
41615;Dirección LOCAL DE SALUD DE RIVERA HUILA
41660;Dirección LOCAL DE SALUD SALADO BLANCO
41668;Dirección municipal de salud de SAN AGUSTIN
41676;Dirección municipal de salud de SANTA MARIA
41770;Dirección municipal de salud de SUAZA
41791;Dirección municipal de salud de TARQUI
41797;Dirección municipal de salud de TESALIA
41799;Dirección municipal de salud de TELLO
41801;Dirección LOCAL DE SALUD DE TERUEL HUILA
41807;Dirección municipal de salud de TIMANA
41872;SECRETARIA MUNICIPAL DE SALUD VILLAVIEJA HUILA
41885;Dirección LOCAL DE SALUD DE YAGUARA
44000;Dirección DEPARTAMENTAL DE LA GUAJIRA
44001;Dirección MUNICIPAL DE RIOHACHA
44035;Dirección municipal de salud de ALBANIA
44078;Dirección municipal de salud de BARRANCAS
44090;Dirección municipal de salud de DIBULLA
44098;Dirección municipal de salud de DISTRACCION
44110;Dirección municipal de salud de EL MOLINO
44279;Dirección municipal de salud de FONSECA
44378;Dirección municipal de salud de HATONUEVO
44420;Dirección municipal de salud de LA JAGUA DEL PILAR
44430;Dirección municipal de salud de MAICAO
44560;Dirección municipal de salud de MANAURE
44650;Dirección municipal de salud de SAN JUAN DEL CESAR
44847;Dirección municipal de salud de URIBIA
44855;Dirección municipal de salud de URUMITA
44874;Dirección municipal de salud de VILLANUEVA
47000;Dirección DEPARTAMENTAL DEL MAGDALENA
47001;Dirección municipal de salud de SANTA MARTA
47030;Dirección municipal de salud de ALGARROBO
47053;Dirección municipal de salud de ARACATACA
47058;Dirección municipal de salud de ARIGUANI
47161;Dirección municipal de salud de CERRO SAN ANTONIO
47170;Dirección municipal de salud de CHIVOLO
47189;Dirección municipal de salud de CIENAGA
47205;Dirección municipal de salud de CONCORDIA
47245;Dirección municipal de salud de EL BANCO
47258;Dirección municipal de salud de EL PIÑON
47268;Dirección municipal de salud de EL RETEN
47288;Dirección municipal de salud de FUNDACION
47318;Dirección municipal de salud de GUAMAL
47460;Dirección municipal de salud de NUEVA GRANADA
47541;Dirección municipal de salud de PEDRAZA
47545;Dirección municipal de salud de PIJINO DEL CARMEN
47551;Dirección municipal de salud de PIVIJAY
47555;Dirección municipal de salud de PLATO
47570;Dirección municipal de salud de PUEBLOVIEJO
47605;Dirección municipal de salud de REMOLINO
47660;Dirección municipal de salud de SABANAS DE SAN ANGEL
47675;Dirección municipal de salud de SALAMINA
47692;Dirección municipal de salud de SAN SEBASTIAN DE BUENAVISTA
47703;Dirección municipal de salud de SAN ZENON
47707;Dirección municipal de salud de SANTA ANA
47720;Dirección municipal de salud de SANTA BARBARA DE PINTO
47745;Dirección municipal de salud de SITIONUEVO
47798;Dirección municipal de salud de TENERIFE
47960;Dirección municipal de salud de ZAPAYAN
47980;Dirección municipal de salud de ZONA BANANERA
50000;Dirección DEPARTAMENTAL DEL META
50001;Dirección DE SALUD DE VILLAVICENCIO
50006;Dirección MUNICIPAL DE ACACIAS
50110;Dirección municipal de salud de BARRANCA DE UPIA
50124;Dirección municipal de salud de CABUYARO
50150;Dirección municipal de salud de CASTILLA LA NUEVA
50223;Dirección municipal de salud de SAN LUIS DE CUBARRAL
50226;Dirección municipal de salud de CUMARAL
50245;Dirección municipal de salud de EL CALVARIO
50251;Dirección municipal de salud de EL CASTILLO
50270;Dirección municipal de salud de EL DORADO
50287;Dirección municipal de salud de FUENTE DE ORO
50313;Dirección municipal de salud de GRANADA
50318;Dirección municipal de salud de GUAMAL
50325;Dirección municipal de salud de MAPIRIPAN
50330;Dirección municipal de salud de MESETAS
50350;Dirección municipal de salud de LA MACARENA
50370;Dirección municipal de salud de LA URIBE
50400;Dirección municipal de salud de LEJANIAS
50450;Dirección municipal de salud de PUERTO CONCORDIA
50568;Dirección municipal de salud de PUERTO GAITAN
50573;Dirección municipal de salud de PUERTO LOPEZ
50577;Dirección municipal de salud de PUERTO LLERAS
50590;Dirección municipal de salud de PUERTO RICO
50606;Dirección municipal de salud de RESTREPO
50680;Dirección municipal de salud de SAN CARLOS GUAROA
50683;Dirección municipal de salud de SAN JUAN DE ARAMA
50686;Dirección municipal de salud de SAN JUANITO
50689;Dirección municipal de salud de SAN MARTIN
50711;Dirección municipal de salud de VISTA HERMOSA
52000;Dirección DEPARTAMENTAL DE NARIÑO
52001;Dirección municipal de salud de PASTO
52019;Dirección municipal de salud de ALBAN
52022;Dirección municipal de salud de ALDANA
52036;Dirección municipal de salud de ANCUYA
52051;Dirección municipal de salud de ARBOLEDA
52079;Dirección municipal de salud de BARBACOAS
52083;Dirección municipal de salud de BELEN
52110;Dirección municipal de salud de BUESACO
52203;Dirección municipal de salud de COLON
52207;Dirección municipal de salud de CONSACA
52210;Dirección municipal de salud de CONTADERO
52215;Dirección municipal de salud de CORDOBA
52224;Dirección municipal de salud de CUASPUD
52227;Dirección municipal de salud de CUMBAL
52233;Dirección municipal de salud de CUMBITARA
52240;Dirección municipal de salud de CHACHAGUI
52250;Dirección municipal de salud de EL CHARCO
52254;Dirección municipal de salud de EL PENOL
52256;Dirección municipal de salud de EL ROSARIO
52258;Dirección municipal de salud de EL TABLON DE GOMEZ
52260;Dirección municipal de salud de EL TAMBO
52287;Dirección municipal de salud de FUNES
52317;Dirección municipal de salud de GUACHUCAL
52320;Dirección municipal de salud de GUAITARILLA
52323;Dirección municipal de salud de GUALMATAN
52352;Dirección municipal de salud de ILES
52354;Dirección municipal de salud de IMUES
52356;Dirección municipal de salud de IPIALES
52378;Dirección municipal de salud de LA CRUZ
52381;Dirección municipal de salud de LA FLORIDA
52385;Dirección municipal de salud de LA LLANADA
52390;Dirección municipal de salud de LA TOLA
52399;Dirección municipal de salud de LA UNION
52405;Dirección municipal de salud de LEIVA
52411;Dirección municipal de salud de LINARES
52418;Dirección municipal de salud de LOS ANDES
52427;Dirección municipal de salud de MAGUI
52435;Dirección municipal de salud de MALLAMA
52473;Dirección municipal de salud de MOSQUERA
52480;Dirección municipal de salud de NARINO
52490;Dirección municipal de salud de OLAYA HERRERA
52506;Dirección municipal de salud de OSPINA
52520;Dirección municipal de salud de FRANCISCO PIZARRO
52540;Dirección municipal de salud de POLICARPA
52560;Dirección municipal de salud de POTOSI
52565;Dirección municipal de salud de PROVIDENCIA
52573;Dirección municipal de salud de PUERRES
52585;Dirección municipal de salud de PUPIALES
52612;Dirección municipal de salud de RICAURTE
52621;Dirección municipal de salud de ROBERTO PAYAN
52678;Dirección municipal de salud de SAMANIEGO
52683;Dirección municipal de salud de SANDONA
52685;Dirección municipal de salud de SAN BERNARDO
52687;Dirección municipal de salud de SAN LORENZO
52693;Dirección municipal de salud de SAN PABLO
52694;Dirección municipal de salud de SAN PEDRO DE CARTAGO
52696;Dirección municipal de salud de SANTA BARBARA
52699;Dirección municipal de salud de SANTACRUZ
52720;Dirección municipal de salud de SAPUYES
52786;Dirección municipal de salud de TAMINANGO
52788;Dirección municipal de salud de TANGUA
52835;Dirección municipal de salud de TUMACO
52838;Dirección municipal de salud de TUQUERRES
52885;Dirección municipal de salud de YACUANQUER
54000;Dirección DEPARTAMENTAL DE SANTANDER
54001;Dirección DE SALUD DE CUCUTA
54003;Dirección municipal de salud de ABREGO
54051;Dirección municipal de salud de ARBOLEDAS
54099;Dirección municipal de salud de BOCHALEMA
54109;Dirección municipal de salud de BUCARASICA
54125;Dirección municipal de salud de CACOTA
54128;Dirección municipal de salud de CACHIRA
54172;Dirección municipal de salud de CHINACOTA
54174;Dirección municipal de salud de CHITAGA
54206;Dirección municipal de salud de CONVENCION
54223;Dirección municipal de salud de CUCUTILLA
54239;Dirección municipal de salud de DURANIA
54245;Dirección municipal de salud de EL CARMEN
54250;Dirección municipal de salud de EL TARRA
54261;Dirección municipal de salud de EL ZULIA
54313;Dirección municipal de salud de GRAMALOTE
54344;Dirección municipal de salud de HACARI
54347;Dirección municipal de salud de HERRAN
54377;Dirección municipal de salud de LABATECA
54385;Dirección municipal de salud de LA ESPERANZA
54398;Dirección municipal de salud de LA PLAYA
54405;Dirección municipal de salud de LOS PATIOS
54418;Dirección municipal de salud de LOURDES
54480;Dirección municipal de salud de MUTISCUA
54498;Dirección municipal de salud de OCAÑA
54518;Dirección municipal de salud de PAMPLONA
54520;Dirección municipal de salud de PAMPLONITA
54553;Dirección municipal de salud de PUERTO SANTANDER
54599;Dirección municipal de salud de RAGONVALIA
54660;Dirección municipal de salud de SALAZAR
54670;Dirección municipal de salud de SAN CALIXTO
54673;Dirección municipal de salud de SAN CAYETANO
54680;Dirección municipal de salud de SANTIAGO
54720;Dirección municipal de salud de SARDINATA
54743;Dirección municipal de salud de SILOS
54800;Dirección municipal de salud de TEORAMA
54810;Dirección municipal de salud de TIBU
54820;Dirección municipal de salud de TOLEDO
54871;Dirección municipal de salud de VILLA CARO
54874;Dirección municipal de salud de VILLA DEL ROSARIO
63000;Dirección DEPARTAMENTAL DE QUINDIO
63001;Dirección municipal de salud de ARMENIA
63111;Dirección municipal de salud de BUENAVISTA
63130;Dirección municipal de salud de CALARCA
63190;Dirección municipal de salud de CIRCASIA
63212;Dirección municipal de salud de CORDOBA
63272;Dirección municipal de salud de FILANDIA
63302;Dirección municipal de salud de GENOVA
63401;Dirección municipal de salud de LA TEBAIDA
63470;Dirección municipal de salud de MONTENEGRO
63548;Dirección municipal de salud de PIJAO
63594;Dirección municipal de salud de QUIMBAYA
63690;Dirección municipal de salud de SALENTO
66000;Dirección DEPARTAMENTAL DE RISARALDA
66001;Dirección LOCAL DE SALUD PEREIRA
66045;Dirección LOCAL DE SALUD DE APIA
66075;Dirección municipal de salud de BALBOA
66088;Dirección municipal de salud de BELEN DE UMBRIA
66170;Dirección municipal de salud de DOS QUEBRADAS
66318;Dirección municipal de salud de GUATICA
66383;Dirección municipal de salud de LA CELIA
66400;Dirección LOCAL DE SALUD LA VIRGINIA
66440;Dirección municipal de salud de MARSELLA
66456;Dirección municipal de salud de MISTRATO
66572;Dirección municipal de salud de PUEBLO RICO
66594;Dirección LOCAL DE SALUD DE QUINCHIA RSDA
66682;Dirección municipal de salud de SANTA ROSA DE CABAL
66687;Dirección municipal de salud de SANTUARIO
68000;DIRECION DEPARTAMERNTAL DE SANTANDER
68001;Dirección municipal de salud de BUCARAMANGA
68013;Dirección municipal de salud de AGUADA
68020;Dirección municipal de salud de ALBANIA SANTANDER
68051;Dirección municipal de salud de ARATOCA
68077;Dirección municipal de salud de BARBOSA
68079;Dirección municipal de salud de BARICHARA
68081;Dirección municipal de salud de BARRANCABERMEJA
68092;Dirección municipal de salud de BETULIA
68101;Dirección municipal de salud de BOLIVAR
68121;Dirección municipal de salud de CABRERA
68132;Dirección municipal de salud de CALIFORNIA
68147;Dirección municipal de salud de CAPITANEJO
68152;Dirección municipal de salud de CARCASI
68160;Dirección municipal de salud de CEPITA
68162;Dirección municipal de salud de CERRITO
68167;Dirección municipal de salud de CHARALA
68169;Dirección municipal de salud de CHARTA
68176;Dirección municipal de salud de CHIMA
68179;Dirección municipal de salud de CHIPATA
68190;Dirección municipal de salud de CIMITARRA
68207;Dirección municipal de salud de CONCEPCION
68209;Dirección municipal de salud de CONFINES
68211;Dirección municipal de salud de CONTRATACION
68217;Dirección municipal de salud de COROMORO
68229;Dirección municipal de salud de CURITI
68235;Dirección municipal de salud de EL CARMEN DE CHUCURI
68245;Dirección municipal de salud de EL GUACAMAYO
68250;Dirección municipal de salud de EL PEÑON
68255;Dirección municipal de salud de EL PLAYON
68264;Dirección municipal de salud de ENCINO
68266;Dirección municipal de salud de ENCISO
68271;Dirección municipal de salud de EL FLORIAN
68276;Dirección municipal de salud de FLORIDABLANCA
68296;Dirección municipal de salud de GALAN
68298;Dirección municipal de salud de GAMBITA
68307;Dirección municipal de salud de GIRON
68318;Dirección municipal de salud de GUACA
68320;Dirección municipal de salud de GUADALUPE
68322;Dirección municipal de salud de GUAPOTA
68324;Dirección municipal de salud de GUAVATA
68327;Dirección municipal de salud de GUEPSA
68344;Dirección municipal de salud de HATO
68368;Dirección municipal de salud de JESUS MARIA
68370;Dirección municipal de salud de JORDAN
68377;Dirección municipal de salud de LA BELLEZA
68385;Dirección municipal de salud de LANDAZURI
68397;Dirección municipal de salud de LA PAZ
68406;Dirección municipal de salud de LEBRIJA
68418;Dirección municipal de salud de LOS SANTOS
68425;Dirección municipal de salud de MACARAVITA
68432;Dirección municipal de salud de MALAGA
68444;Dirección municipal de salud de MATANZA
68464;Dirección municipal de salud de MOGOTES
68468;Dirección municipal de salud de MOLAGAVITA
68498;Dirección municipal de salud de OCAMONTE
68500;Dirección municipal de salud de OIBA
68502;Dirección municipal de salud de ONZAGA
68522;Dirección municipal de salud de PALMAR
68524;Dirección municipal de salud de PALMAS DEL SOCORRO
68533;Dirección municipal de salud de PARAMO
68547;Dirección municipal de salud de PIEDECUESTA
68549;Dirección municipal de salud de PINCHOTE
68572;Dirección municipal de salud de PUENTE NACIONAL
68573;Dirección municipal de salud de PUERTO PARRA
68575;Dirección municipal de salud de PUERTO WILCHES
68615;Dirección municipal de salud de RIONEGRO
68655;Dirección municipal de salud de SABANA DE TORRES
68669;Dirección municipal de salud de SAN ANDRES
68673;Dirección municipal de salud de SAN BENITO
68679;Dirección municipal de salud de SAN GIL
68682;Dirección municipal de salud de SAN JOAQUIN
68684;Dirección municipal de salud de SAN JOSE DE MIRANDA
68686;Dirección municipal de salud de SAN MIGUEL
68689;Dirección municipal de salud de SAN VICENTE DE CHUCURI
68705;Dirección municipal de salud de SANTA BARBARA
68720;Dirección municipal de salud de SANTA HELENA DEL OPON
68745;Dirección municipal de salud de SIMACOTA
68755;Dirección municipal de salud de SOCORRO
68770;Dirección municipal de salud de SUAITA
68773;Dirección municipal de salud de SUCRE
68780;Dirección municipal de salud de SURATA
68820;Dirección municipal de salud de TONA
68855;Dirección municipal de salud de VALLE SAN JOSE
68861;Dirección municipal de salud de VELEZ
68867;Dirección municipal de salud de VETAS
68872;Dirección municipal de salud de VILLANUEVA
68895;Dirección municipal de salud de ZAPATOCA
70000;Dirección DEPARTAMENTAL DE SUCRE
70001;Dirección municipal de salud de SINCELEJO
70110;Dirección municipal de salud de BUENAVISTA
70124;Dirección municipal de salud de CAIMITO
70204;Dirección municipal de salud de COLOSO
70215;Dirección municipal de salud de COROZAL
70221;Dirección municipal de salud de COVEÑAS
70230;Dirección municipal de salud de CHALAN
70233;Dirección municipal de salud de EL ROBLE
70235;Dirección municipal de salud de GALERAS
70265;Dirección municipal de salud de GUARANDA
70400;Dirección municipal de salud de LA UNION
70418;Dirección municipal de salud de LOS PALMITOS
70429;Dirección municipal de salud de MAJAGUAL
70473;Dirección municipal de salud de MORROA
70508;Dirección municipal de salud de OVEJAS
70523;Dirección municipal de salud de PALMITO
70670;Dirección municipal de salud de SAMPUES
70678;Dirección municipal de salud de SAN BENITO ABAD
70702;Dirección municipal de salud de SAN JUAN BETULIA
70708;Dirección municipal de salud de SAN MARCOS
70713;Dirección municipal de salud de SAN ONOFRE
70717;Dirección municipal de salud de SAN PEDRO
70742;Dirección municipal de salud de SINCE
70771;Dirección municipal de salud de SUCRE
70820;Dirección municipal de salud de SANTIAGO DE TOLU
70823;Dirección municipal de salud de TOLU VIEJO
73000;DIRECION DEPARTAMENTAL DE TOLIMA
73001;Dirección MUNICIPAL DE IBAGUE
73024;Dirección municipal de salud de ALPUJARRA
73026;Dirección municipal de salud de ALVARADO
73030;Dirección municipal de salud de AMBALEMA
73043;Dirección municipal de salud de ANZOATEGUI
73055;Dirección municipal de salud de ARMERO
73067;Dirección municipal de salud de ATACO
73124;Dirección municipal de salud de CAJAMARCA
73148;Dirección municipal de salud de CARMEN APICALA
73152;Dirección municipal de salud de CASABIANCA
73168;Dirección municipal de salud de CHAPARRAL
73200;Dirección municipal de salud de COELLO
73217;Dirección municipal de salud de COYAIMA
73226;Dirección municipal de salud de CUNDAY
73236;Dirección municipal de salud de DOLORES
73268;Dirección municipal de salud de ESPINAL
73270;Dirección municipal de salud de FALAN
73275;Dirección municipal de salud de FLANDES
73283;Dirección municipal de salud de FRESNO
73319;Dirección municipal de salud de GUAMO
73347;Dirección municipal de salud de HERVEO
73349;Dirección municipal de salud de HONDA
73352;Dirección municipal de salud de ICONONZO
73408;Dirección municipal de salud de LERIDA
73411;Dirección municipal de salud de LIBANO
73443;Dirección municipal de salud de MARIQUITA
73449;Dirección municipal de salud de MELGAR
73461;Dirección municipal de salud de MURILLO
73483;Dirección municipal de salud de NATAGAIMA
73504;Dirección municipal de salud de ORTEGA
73520;Dirección municipal de salud de PALOCABILDO
73547;Dirección municipal de salud de PIEDRAS
73555;Dirección municipal de salud de PLANADAS
73563;Dirección municipal de salud de PRADO
73585;Dirección municipal de salud de PURIFICACION
73616;Dirección municipal de salud de RIOBLANCO
73622;Dirección municipal de salud de RONCESVALLES
73624;Dirección municipal de salud de ROVIRA
73671;Dirección municipal de salud de SALDAÑA
73675;Dirección municipal de salud de SAN ANTONIO
73678;Dirección municipal de salud de SAN LUIS
73686;Dirección municipal de salud de SANTA ISABEL
73770;Dirección municipal de salud de SUAREZ
73854;Dirección municipal de salud de VALLE DE SAN JUAN
73861;Dirección municipal de salud de VENADILLO
73870;Dirección municipal de salud de VILLAHERMOSA
73873;Dirección municipal de salud de VILLARRICA
76000;Dirección DEPARTAMENTAL DEL VALLE DEL CAUCA
76001;SECRETARIA DE SALUD MUNICIPAL DE CALI
76020;Dirección municipal de salud de ALCALA
76036;Dirección municipal de salud de ANDALUCIA
76041;Dirección municipal de salud de ANSERMANUEVO
76054;Dirección municipal de salud de ARGELIA
76100;Dirección municipal de salud de BOLIVAR
76109;Dirección municipal de salud de BUENAVENTURA
76111;Dirección municipal de salud de GUADALAJARA DE BUGA
76113;Dirección municipal de salud de BUGALAGRANDE
76122;Dirección municipal de salud de CAICEDONIA
76126;Dirección municipal de salud de CALIMA
76130;Dirección municipal de salud de CANDELARIA
76147;Dirección municipal de salud de CARTAGO
76233;Dirección municipal de salud de DAGUA
76243;Dirección municipal de salud de EL AGUILA
76246;Dirección municipal de salud de EL CAIRO
76248;Dirección municipal de salud de EL CERRITO
76250;Dirección municipal de salud de EL DOVIO
76275;Dirección municipal de salud de FLORIDA
76306;Dirección municipal de salud de GINEBRA
76318;Dirección municipal de salud de GUACARI
76364;Dirección municipal de salud de JAMUNDI
76377;Dirección municipal de salud de LA CUMBRE
76400;Dirección municipal de salud de LA UNION
76403;Dirección municipal de salud de LA VICTORIA
76497;Dirección municipal de salud de OBANDO
76520;Dirección municipal de salud de PALMIRA
76563;Dirección municipal de salud de PRADERA
76606;Dirección municipal de salud de RESTREPO
76616;Dirección municipal de salud de RIOFRIO
76622;Dirección municipal de salud de ROLDANILLO
76670;Dirección municipal de salud de SAN PEDRO
76736;Dirección municipal de salud de SEVILLA
76823;Dirección municipal de salud de TORO
76828;Dirección municipal de salud de TRUJILLO
76834;Dirección municipal de salud de TULUA
76845;Dirección municipal de salud de ULLOA
76863;Dirección municipal de salud de VERSALLES
76869;Dirección municipal de salud de VIJES
76890;Dirección municipal de salud de YOTOCO
76892;Dirección municipal de salud de YUMBO
76895;Dirección municipal de salud de ZARZAL
81000;Dirección DEPARTAMENTAL DE ARAUCA
81001;Dirección municipal de salud de ARAUCA
81065;Dirección municipal de salud de ARAUQUITA
81220;Dirección municipal de salud de CRAVO NORTE
81300;Dirección municipal de salud de FORTUL
81591;Dirección municipal de salud de PUERTO RONDON
81736;Dirección municipal de salud de SARAVENA
81794;Dirección municipal de salud de TAME
85000;Dirección DEPARTAMENTAL DE CASANARE
85001;Dirección municipal de salud de YOPAL
85010;Dirección municipal de salud de AGUAZUL
85015;Dirección municipal de salud de CHAMEZA
85125;Dirección municipal de salud de HATO COROZAL
85136;Dirección municipal de salud de LA SALINA
85139;Dirección municipal de salud de MANI
85162;Dirección municipal de salud de MONTERREY
85225;Dirección municipal de salud de NUNCHIA
85230;Dirección municipal de salud de OROCUE
85250;Dirección municipal de salud de PAZ DE ARIPORO
85263;Dirección municipal de salud de PORE
85279;Dirección municipal de salud de RECETOR
85300;Dirección municipal de salud de SABANALARGA
85315;Dirección municipal de salud de SACAMA
85325;Dirección municipal de salud de SAN LUIS DE PALENQUE
85400;Dirección municipal de salud de TAMARA
85410;Dirección municipal de salud de TAURAMENA
85430;Dirección municipal de salud de TRINIDAD
85440;Dirección municipal de salud de VILLANUEVA
86000;Dirección DEPARTAMENTAL DE PUTUMAYO
86001;Dirección municipal de salud de MOCOA
86219;Dirección municipal de salud de COLON
86320;Dirección municipal de salud de ORITO
86568;Dirección municipal de salud de PUERTO ASIS
86569;Dirección municipal de salud de PUERTO CAICEDO
86571;Dirección municipal de salud de PUERTO GUZMAN
86573;Dirección municipal de salud de LEGUIZAMO
86749;Dirección municipal de salud de SIBUNDOY
86755;Dirección municipal de salud de SAN FRANCISCO
86757;Dirección municipal de salud de SAN MIGUEL DE SEMA
86760;Dirección municipal de salud de SANTIAGO
86865;Dirección municipal de salud de VALLE DEL GUAMUEZ- LA HORMIGA
86885;Dirección municipal de salud de VILLAGARZON
88000;SECRETARIA DEPARTAMENTAL DE SAN ANDRES
88001;Dirección municipal de salud de SAN ANDRES
88564;Dirección municipal de salud de PROVIDENCIA Y SANTA CATALINA
91000;Dirección DEPARTAMENTAL DE AMAZONAS
91001;Dirección municipal de salud de LETICIA
91263;Dirección municipal de salud de EL ENCANTO
91405;Dirección municipal de salud de LA CHORRERA
91407;Dirección municipal de salud de LA PEDRERA
91430;Dirección municipal de salud de LA VICTORIA
91460;Dirección municipal de salud de MIRITIPARANA
91530;Dirección municipal de salud de PUERTO ALEGRIA
91536;Dirección municipal de salud de PUERTO ARICA
91540;Dirección municipal de salud de PUERTO NARIÑO
91669;Dirección municipal de salud de PUERTO SANTANDER
91798;Dirección municipal de salud de TARAPACA
94000;Dirección DEPARTAMENTAL DE GUAINIA
94001;Dirección municipal de salud de INIRIDA
94343;Dirección municipal de salud de BARRANCO MINA
94663;Dirección municipal de salud de MAPIRIPANA
94883;Dirección municipal de salud de SAN FELIPE
94884;Dirección municipal de salud de PUERTO COLOMBIA
94885;Dirección municipal de salud de LA GUADALUPE
94886;Dirección municipal de salud de CACAHUAL
94887;Dirección municipal de salud de PANA PANA
94888;Dirección municipal de salud de MORICHAL
95000;Dirección DEPARTAMENTAL DE GUAVIARE
95001;Dirección municipal de salud de SAN JOSE DEL GUAVIARE
95015;Dirección municipal de salud de CALAMAR
95025;Dirección municipal de salud de EL RETORNO
95200;Dirección municipal de salud de MIRAFLORES
97000;Dirección DEPARTAMENTAL DE VAUPES
97001;Dirección municipal de salud de MITU
97161;Dirección municipal de salud de CARURU
97511;Dirección municipal de salud de PACOA
97666;Dirección municipal de salud de TARAIRA
97777;Dirección municipal de salud de PAPUNAHUA
97889;Dirección municipal de salud de YAVARATE
99000;Dirección DEPARTAMENTAL DE VICHADA
99001;Dirección municipal de salud de PUERTO CARREÑO
99524;Dirección municipal de salud de LA PRIMAVERA
99624;Dirección municipal de salud de SANTA ROSALIA
99773;Dirección municipal de salud de CUMARIBO
ARL001;ARL POSITIVA
ARL002;SEGUROS BOLIVAR
ARL003;SEGUROS DE VIDA AURORA SA
ARL004;LIBERTY SEGUROS DE VIDA
ARL005;MAPFRE COLOMBIA VIDA SEGUROS SA
ARL006;RIESGOS LABORALES COLMENA
ARL007;SEGUROS DE VIDA ALFA
ARL008;SEGUROS DE VIDA COLPATRIA S.A.
ARL009;SEGUROS DE VIDA LA EQUIDAD ORGANISMO C.
ARL010;SURA - CIA. SURAMERICANA DE SEGUROS DE VIDA
ARP020;ROYAL & SUNALLIANCE
ARP026;ASEG BBVA GANADERO SA
AT1333;ASEG LIBERTY SEGUROS SA
CCF001;CAJA DE COMPENSACION FAMILIAR CAMACOL COMFAMILIAR CAMACOL
CCF002;CAJA DE COMPENSACION FAMILIAR DE ANTIOQUIA UCOMFAMAO
CCF004;CAJA DE COMPENSACION FAMILIAR DE ARAUCA (COMFIAR)
CCF005;CAJA DE COMPENSACION FAMILIAR DE BARRANQUILLA (COMBARRANQUILLA)
CCF006;CAJA DE COMPENSANCION FAMILIAR COMFAMILIAR DEL ATLANTICO
CCF007;CAJA DE COMPENSACION FAMILIAR DE CARTAGENA Y BOLIVAR COMFAMILIAR
CCF008;CAJA DE COMPENSANCION FAMILIAR DE FENALCO ANDI COMFENALCO CARTAGENA
CCF009;CAJA DE COMPENSACION FAMILIAR DE BOYACA UCOMFABOYO
CCF010;CAJA DE COMPENSACION FAMILIAR DE LA DORADA (COMFAMILIAR)
CCF011;CAJA DE COMPENSACION FAMILIAR DE CALDAS (COMFAMILIARES)
CCF012;CAJA DE COMPENSACION FAMILIAR DEL CAQUETA (COMFACA)
CCF013;CAJA DE COMPENSACION FAMILIAR DEL CESAR (COMFACESAR)
CCF014;CAJA DE COMPENSACION FAMILIAR DEL CAUCA (COMFACAUCA)
CCF015;CAJA DE COMPENSACION FAMILIAR DE CORDOBA UCOMFACORO
CCF016;CAJA DE COMPENSACION FAMILIAR ASEGURADORES
CCF017;CAJA DE COMPENSACION FAMILIAR ASFAMILIAS
CCF018;CAJA DE COMPENSACION FAMILIAR UCAFAMO
CCF019;CAJA DE COMPENSACION FAMILIAR COLSUBSIDIO
CCF020;CAJA DE COMPENSACION FAMILIAR CAMPESINA
CCF021;CAJA DE COMPENSACION FAMILIAR DE CUNDINAMARCA COMFACUNDI
CCF022;CAJA DE COMPENSACION FAMILIAR COMPENSAR
CCF023;CAJA DE COMPENSACION FAMILIAR DE LA GUAJIRA COMFAGUAJIRA
CCF024;CAJA DE COMPENSACION FAMILIAR DEL HUILA UCOMFAMILIAR HUILAO
CCF025;CAJA DE COMPENSACION FAMILIAR DE MAGDALENA
CCF026;CAJA DE COMPENSACION FAMILIAR REGIONAL DEL META COFREM
CCF027;CAJA DE COMPENSACION FAMILIAR DE NARIÑO
CCF028;CAJA DE COMPENSACION FAMILIAR DE FENALCO COMFENALCO QUINDIO
CCF029;CAJA DE COMPENSACION FAMILIAR DE RISARALDA COMFAMILIAR RISARALDA
CCF030;CAJA DE COMPENSACION FAMILIAR DE LA CAMARA DE COMERCIO DE SAN ANDRES Y PROVIDENCIA ISLAS CAJASAI
CCF031;CAJA SANTANDEREANA DE SUBSIDIO FAMILIAR - CAJASAN
CCF032;CAJA DE COMPENSACION FAMILIAR COMFENALCO SANTANDER
CCF033;CAJA DE COMPENSACION FAMILIAR DE SUCRE
CCF034;CAJA DE COMPENSACION FAMILIAR DEL SUR DEL TOLIMA CAFASUR
CCF035;CAJA DE COMPENSACION FAMILIAR DE BARRANCABERMEJA
CCF036;CAJA DE COMPENSACION FAMILIAR DEL TOLIMA COMFATOLIMA
CCF037;CAJA DE COMPENSACION FAMILIAR DE FENALCO DE TOLIMA COMFENALCO
CCF038;CAJA DE COMPENSACION FAMILIAR COMFAMILIAR BUENAVENTURA
CCF039;CAJA DE COMPENSACION FAMILIAR DE BUGA
CCF040;CAJA DE COMPENSACION FAMILIAR DE CARTAGO COMFACARTAGO
CCF041;CAJA DE COMPENSACION FAMILIAR DEL VALLE DEL CAUCA COMFAMILIAR ANDI
CCF042;CAJA DE COMPENSACION FAMILIAR COMFAMILIARES UNIDAS DEL VALLE 'COMFAUNION
CCF043;CAJA DE COMPENSACION FAMILIAR DE FENALCO COMFENALCO BUGA
CCF045;CAJA DE COMPENSACION FAMILIAR DEL NORTE DE SANTANDER COMFANORTE
CCF046;CAJA DE COMPENSACION FAMILIAR DE ACOPI BARRANQUILLA
CCF047;CAJA DE COMPENSACION FAMILIAR INDUFAMILIAR
CCF048;CAJA DE COMPENSACION FAMILIAR ACOPI COMFACOPI
CCF049;CAJA DE COMPENSACION FAMILIAR DEL ORIENTE COLOMBIANO UCOMFAORIENTEO
CCF050;CAJA DE COMPENSACION FAMILIAR DEL ORIENTE COLOMBIANO COMFAORIENTE
CCF053;CAJA DE COMPENSACION FAMILIAR DE CUNDINAMARCA COMFACUNDI
CCF054;CAJA DE COMPENSACION FAMILIAR DE FENALCO COMFENALCO CUNDINAMARCA
CCF055;CAJA DE COMPENSACION FAMILIAR CAJACOPI ATLANTICO
CCF101;CAJA COLOMBIANA DE SUBSIDIO FAMILIAR COLSUBSIDIO
CCF102;CAJA DE COMPENSACION FAMILIAR DEL CHOCO
CCF103;COMFACA
CCFC07;CAJA DE COMPENSACION FAMILIAR DE CARTAGENA Y BOLIVAR COMFAMILIAR
CCFC09;CAJA DE COMPENSACION FAMILIAR DE BOYACA UCOMFABOYO
CCFC10;CAJA COLOMBIANA DE SUBSIDIO FAMILIAR COLSUBSIDIO
CCFC15;CAJA DE COMPENSACION FAMILIAR DE CORDOBA UCOMFACORO
CCFC18;CAJA DE COMPENSACION FAMILIAR UCAFAMO
CCFC20;CAJA DE COMPENSACION FAMILIAR DEL CHOCO
CCFC23;CAJA DE COMPENSACION FAMILIAR DE LA GUAJIRA COMFAGUAJIRA
CCFC24;CAJA DE COMPENSACION FAMILIAR DEL HUILA UCOMFAMILIAR HUILAO
CCFC27;CAJA DE COMPENSACION FAMILIAR DE NARIÑO
CCFC33;CAJA DE COMPENSACION FAMILIAR DE SUCRE
CCFC50;CAJA DE COMPENSACION FAMILIAR DEL ORIENTE COLOMBIANO COMFAORIENTE
CCFC53;CAJA DE COMPENSACION FAMILIAR DE CUNDINAMARCA COMFACUNDI
CCFC55;CAJA DE COMPENSACION FAMILIAR CAJACOPI ATLANTICO
CCFCO2;CAJA DE COMPENSACION FAMILIAR DE ANTIOQUIA -COMFAMA - SAVIA SALUD EPS CONTRIBUTIVO
EAS001;EAS EAS CAJA DE PREV SOC DE NARINO
EAS002;EAS EAS CAJA DE PREV SOC DE LA UNIVERSIDAD INDUSTRIAL DE SANTANDER
EAS003;EAS EAS CAJA DE PREV SOC MUNICIPAL DE BUCARAMANGA
EAS004;EASCORPOPRACION ELECTRICA DE LA COSTA CARIBE  SERVICIO DE SALUD
EAS005;EAS UNIVERSIDAD DE ANTIOQUIA DIVISION DE SALUD
EAS006;EAS DIVISION DE SALUD DE LA UNIVERSIDAD DE ANTIOQUIA
EAS007;EAS EAS CAJA DE PREV SOC MUNICIPAL DE IBAGUE
EAS009;EAS EAS CAJA DE PREV SOC DEL DEPARTAMENTO DE ARAUCA
EAS010;EAS SERVICIO DE SALUD DE LA CORPORACION AUTONOMA REGIONAL DEL VALLE DEL CAUCA
EAS011;EAS SERVICIO MEDICO UNIVERSIDAD DE CALDAS
EAS012;EAS DEPARTAMENTO MEDICO Y ODONTOLOGICO MUNICIPIO DE MEDELLIN
EAS013;EAS DIVISION DE SERVICIO MEDICO DEL MUNICIPIO DE SANTIAGO DE CALI
EAS014;EAS CAJA DE PREV SOC DEPARTAMENTAL DEL CAUCA
EAS015;EAS CAJA DE PREV SOC DE BOYACA
EAS016;EMPRESAS PUBLICAS DE MEDELLIN E.S.P. - EE.PP.M
EAS017;EAS CAJA DE PREV SOC DE LA SUPERINTENDENCIA BANCARIA
EAS018;EAS CAJA DEPARTAMENTAL DE PREVISION DE NORTE DE SANTANDER
EAS019;EAS CAJA DE PREVISION SOCIAL DE LA SUPERINTENDENCIA BANCARIA
EAS020;EAS CAJA DE PREV SOC DE LA UNIVERSIDAD TECNOLOGICA DEL CHOCO
EAS021;EAS CAJA DE PREV SOC DE LA UNIVERSIDAD NACIONAL
EAS022;EAS INST COL DE LA REFORMA AGRARIA PROG SMA
EAS024;EAS SERVICIO MEDICO DE LA UNIVERSIDAD DEL VALLE
EAS025;EAS FONDO DE SALUD DE LA UNIVERSIDAD DE CORDOBA
EAS026;EAS FONDO PRESTACIONAL DE LA UNIVERSIDAD DE NARINO
EAS027;FONDO DE PASIVO SOCIAL DE FERROCARRILES NACIONALES DE COLOMBIA
EAS029;EAS EMPRESA ACUEDUCTO Y ALCANTARILLADO DE BOGOTA SM
EAS030;EAS CAJA DE PREV SOC DE LA UNIVERSIDAD DE CARTAGENA
EMP002;MEDPLUS MEDICINA PREPAGADA S.A.
EMP005;EMP SALUD COOMEVA
EMP012;EMP HUMANA S A
EMP014;EMP MEDISALUD
EMP015;MEDISANITAS S A COMPAÑIA DE MEDICINA PREPAGADA
EMP017;COLMEDICA MEDICINA PREPAGADA S A
EMP019;EMP SALUD COLPATRIA S. A.
EMP021;EPS Y MEDICINA PREPAGADA SURAMERICANA S.A.
EMP022;VIVIR S.A. MEDICINA PREPAGADA
EMP023;COMPAÑIA DE MEDICINA PREPAGADA COLSANITAS S.A.
EMP024;SERVICIO DE SALUD INMEDIATO MEDICINA PREPAGADA S.A.
EMP025;PLAN U.H.C.M. MEDICINA PREPAGADA COMFENALCO VALLE
EMP028;COOMEVA MEDICINA PREPAGADA S.A.
EMP029;AXA COLPATRIA MEDICINA PREPAGADA S.A.
EMPT01;EMP SALUD COLPATRIA S.A.
EPS001;ALIANSALUD
EPS002;SALUD TOTAL EPS-S S.A.
EPS003;CAFESALUD ENTIDAD PROMOTORA DE SALUD S.A. - CAFESALUD EPS S.A.
EPS004;EPS BONSALUD SA
EPS005;ENTIDAD PROMOTORA DE SALUD SANITAS S.A. - E.P.S. SANITAS S.A.
EPS006;INSTITUTO DE SEGUROS SOCIALES ENTIDAD PROMOTORA DE SALUD EN LIQUIDACION
EPS007;EPS UNIMEC SA
EPS008;CAJA COMPENSACION FAMILIAR COMPENSAR
EPS009;CAJA DE COMPENSACION FAMILIAR UCOMFENALCO ANTIOQUIAO
EPS010;EPS Y MEDICINA PREPAGADA SURAMERICANA S.A.
EPS011;EPS COLSEGUROS
EPS012;EPS COMFENALCO VALLE
EPS013;SALUDCOOP ENTIDAD PROMOTORA DE SALUD ORGANISMO COOPERATIVO SALUDCOOP
EPS014;HUMANA VIVIR S A
EPS015;SALUD COLPATRIA S.A ENTIDAD PROMOTORA DE SALUD EN LIQUIDACION - SALUD COLPATRIA S.A E.P.S
EPS016;COOMEVA ENTIDAD PROMOTORA DE SALUD S.A. - COOMEVA  E.P.S. S.A.
EPS017;FAMISANAR LTDA. CAFAM - COLSUBSIDIO E.P.S.
EPS018;ENTIDAD PROMOTORA DE SALUD SERVICIO OCCIDENTAL DE SALUD S.A. S.O.S.
EPS019;EPS RISARALDA LTDA
EPS020;CAJA DE PREVISION SOCIAL DE COMUNICACIONES UCAPRECOMO
EPS021;EPS CORPORANONIMAS EN LIQUIDACION
EPS022;ENTIDAD PROMOTORA DE SALUD DEL REGIMEN SUBSIDIADO EPS CONVIDA
EPS023;CRUZ BLANCA ENTIDAD PROMOTORA DE SALUD S.A
EPS024;EPS CAJANAL
EPS025;CAJA DE PREVISION SOCIAL DE CASANARE - CAPRESOCA E.P.S.
EPS026;LEGAL STRATEGY SAS MANDATARIA SOLSALUD EPS LIQUIDADA
EPS027;EPS BARRANQUILLA SANA
EPS028;CALISALUD ENTIDAD PROMOTORA DE SALUD EN LIQUIDACION
EPS029;EPS DE CALDAS SA
EPS030;ENTIDAD PROMOTORA DE SALUD CONDOR S.A. -  E.P.S. CONDOR S.A
EPS031;SELVASALUD S.A. EPS-S EN LIQUIDACION FORZOSA ADMINISTRATIVA
EPS032;EPS METROPOLITANA DE SALUD
EPS033;SALUDVIDA E.P.S. S.A.
EPS034;SALUDCOLOMBIA ENTIDAD PROMOTORA DE SALUD S.A.
EPS035;RED SALUD ATENCION HUMANA E.P.S. S.A. EN LIQUIDACION
EPS037;NUEVA EMPRESA PROMOTORA DE SALUD S.A. SIGLA NUEVA EPS S.A.
EPS038;MULTIMEDICAS SALUD CON CALIDAD ENTIDAD PROMOTORA DE SALUD S A EN LIQUIDACION
EPS039;GOLDEN GROUP S.A. ENTIDAD PROMOTORA DE SALUD Y PODRA USAR LAS SIGLAS GOLDEN GROUP S.A. EPS
EPS040;ALIANZA MEDELLIN ANTIOQUIA EPS S.A.S. SAVIA SALUD
EPS044;MEDIMAS EPS SAS
EPS045;MEDIMAS EPS SAS
EPS046;FUNDACION SALUD MIA EPS
EPSC03;CAFESALUD EPS-- CONTRIBUTIVO
EPSC20;CAJA DE PREVISION SOCIAL DE COMUNICACIONES UCAPRECOMO
EPSC22;ENTIDAD PROMOTORA DE SALUD DEL REGIMEN SUBSIDIADO EPS CONVIDA
EPSC25;CAJA DE PREVISION SOCIAL DE CASANARE - CAPRESOCA E.P.S.
EPSC33;SALUD VIDA- CONTRIBUTIVO
EPSC34;CAPITAL SALUD ENTIDAD PROMOTORA DE SALUD DEL REGIMEN SUBSIDIADO SAS CAPITAL SALUD EPS S SAS
EPSI01;ASOCIACION DE CABILDOS INDIGENAS DEL CESAR Y LA GUAJIRA DUSAKAWI EPSI
EPSI02;ASOCIACION DE CABILDOS DEL RESGUARDO INDIGENA ZENU DE SAN ANDRES DE SOTAVENTO CORDOBA Y SUCRE MANEXKA
EPSI03;ASOCIACION INDIGENA DEL CAUCA A.I.C. EPSI
EPSI04;EMPRESA PROMOTORA DE SALUD INDIGENA ANAS WAYUU EPSI
EPSI05;ENTIDAD PROMOTORA DE SALUD MALLAMAS EPSI
EPSI06;PIJAOS SALUD EPSI
EPSIC1;ASOCIACION DE CABILDOS INDIGENAS DEL CESAR Y LA GUAJIRA DUSAKAWI EPSI
EPSIC2;ASOCIACION DE CABILDOS DEL RESGUARDO INDIGENA ZENU DE SAN ANDRES DE SOTAVENTO CORDOBA Y SUCRE MANEXKA
EPSIC3;ASOCIACION INDIGENA DEL CAUCA A.I.C. EPSI
EPSIC4;EMPRESA PROMOTORA DE SALUD INDIGENA ANAS WAYUU EPSI
EPSIC5;ENTIDAD PROMOTORA DE SALUD MALLAMAS EPSI
EPSIC6;PIJAOS SALUD EPSI
EPSM03;CAFESALUD- SUBSIDIADO
EPSM33;SALUD VIDA S.A. ENTIDAD PROMOTORA DE SALUD- SUBSIDIADO
EPSS01;ALIANSALUD ENTIDAD PROMOTORA DE SALUD S.A
EPSS02;SALUD TOTAL ENTIDAD PROMOTORA DE SALUD DEL REGIMEN CONTRIBUTIVO Y DEL REGIMEN SUBSIDIADO S.A.
EPSS03;CAFESALUD ENTIDAD PROMOTORA DE SALUD S.A. - CAFESALUD EPS S.A.
EPSS05;ENTIDAD PROMOTORA DE SALUD SANITAS S.A. - E.P.S. SANITAS S.A.
EPSS08;CAJA COMPENSACION FAMILIAR COMPENSAR
EPSS09;COMFENALCO ANTIOQUIA SUBSIDIADO
EPSS10;EPS Y MEDICINA PREPAGADA SURAMERICANA S.A.
EPSS12;COMFENALCO VALLE EPS- SUBSIDIADO
EPSS13;SALUDCOOP ENTIDAD PROMOTORA DE SALUD ORGANISMO COOPERATIVO SALUDCOOP
EPSS14;HUMANA S A EPS-S EN LIQUIDACION
EPSS16;COOMEVA EPS. S.A.- SUBSIDIADO
EPSS17;EPS FAMISANAR LTDA.- SUBSIDIADO
EPSS18;ENTIDAD PROMOTORA DE SALUD SERVICIO OCCIDENTAL DE SALUD S.A. S.O.S.
EPSS20;EPS CAPRECOM
EPSS22;EPS CONVIDA
EPSS23;CRUZ BLANCA ENTIDAD PROMOTORA DE SALUD S.A
EPSS25;CAPRESOCA
EPSS26;LEGAL STRATEGY SAS MANDATARIA SOLSALUD EPS LIQUIDADA
EPSS28;EPS CALISALUD
EPSS30;EPS CONDOR SA
EPSS31;EPS SELVASALUD SA
EPSS33;SALUDVIDA E.P.S. S.A.
EPSS34;CAPITAL SALUD ENTIDAD PROMOTORA DE SALUD DEL REGIMEN SUBSIDIADO SAS CAPITAL SALUD EPS S SAS
EPSS39;GOLDEN GROUP S.A. ENTIDAD PROMOTORA DE SALUD Y PODRA USAR LAS SIGLAS GOLDEN GROUP S.A. EPS
EPSS40;ALIANZA MEDELLIN ANTIOQUIA EPS S.A.S.
EPSS41;NUEVA EMPRESA PROMOTORA DE SALUD S.A. SIGLA NUEVA EPS S.A.
EPSS44;MEDIMAS EPS SAS
EPSS45;MEDIMAS EPS SAS
EPSS46;FUNDACION SALUD MIA EPS
EPSSO1;ALIANSALUD ENTIDAD PROMOTORA DE SALUD S.A.- SUBSIDIADO
EPSSO2;SALUD TOTAL S.A. ENTIDAD PROMOTORA DE SALUD- SUBSIDIADO
EPST01;SAVIA SALUD EPS
ESS002;EMPRESA MUTUAL PARA EL DESARROLLO INTEGRAL DE LA SALUD E.S.S EMDISALUD E.S.S EPS-S
ESS024;COOPERATIVA EMPRESA SOLIDARIA DE SALUD Y DESARROLLO INTEGRAL UCOOSALUD E.S.S.
ESS031;ESS COESALUD LTDA
ESS032;ESS ECOSBOYACA
ESS033;ESS COOPSALUDESA LTDA
ESS034;ESS COPESAM LTDA ESS
ESS035;ESS COESPERANZA LTDA
ESS036;ESS COOPCENTRO
ESS037;ESS FAMISALUD
ESS038;ESS AAGROSALUD
ESS039;ESS ASOCIACION MUTUAL PARA LA SALUD Y DESARROLLO INTEGRAL LA ESPERANZA
ESS040;ESS MUTUALMANI LTDA
ESS041;ESS MUTUOROCUE LTDA
ESS042;ESS MUTUALPAZ LTDA
ESS043;ESS MUTUOPALENQUE LTDA
ESS044;ESS MUTUALTAURAMENA LTDA
ESS045;ESS MUTUALYOPAL LTDA
ESS046;ESS DE ARGELIA AMPEBIV
ESS047;ESS ASOCIACION MUTUAL LA NUEVA ESPERANZA
ESS048;ESS ASOCIACION MUTUAL CAMPESINA DE SALUD BOLIVAR
ESS049;ESS ASOCIACION MUTUAL DE SALUD VIDA NUEVA DE BUENOS AIRES
ESS050;ESS ASOCIACION MUTUAL CAMPESINA DE SALUD DE CAJIBIO
ESS051;ESS ASOCIACION MUTUAL LA MANO AMIGA
ESS052;ESS ASOCIACION MUTUAL SOLIDARIA DE SALUD DEL MUNICIPIO DE EL PATIA E
ESS053;ESS ASOCIACION MUTUAL LA ESPERANZA
ESS054;ESS ASOCIACION MUTUAL PROSALUD CAMPESINA MERCADERES
ESS055;ESS ASOCIACION MUTUAL VIVIR MEJOR ASMUVIME
ESS056;ESS ASOCIACION MUTUAL PIENDASALUD
ESS057;ESS ASOCIACION MUTUAL ACTIVA SALUD
ESS058;ESS COOSABFAM
ESS059;ESS ASOCIACION MUTUAL DE  SALUD DE INZA CAPITAL ARQUEOLOGICA AMSICAC
ESS060;ESS ASOCIACION MUTUAL COCONUCO PURACE
ESS061;ESS ASOCIACION MUTUAL LA SUIZA DE AMERICA
ESS062;ASMET SALUD EPS SAS
ESS063;ESS ASOCIACION MUTUAL PARA LA SALUD DESARROLLO Y FUTURO TIMBIANO
ESS064;ESS ASOCIACION MUTUAL NUEVO HORIZONTE DE TIMBIQUI
ESS065;ESS COOPERATIVA LA NUEVA ESPERANZA DE CURUMANI
ESS066;ESS ASOCIACION MUTUAL ESS JAGUA DE IBIRICO ASOM
ESS067;ESS ASOCIACION MUTUAL SOLIDARIAS DE SALUD DE VALLEDUPAR
ESS068;ESS ASOCIACION SOLIDARIA DE SALUD DE ASTREA
ESS069;ESS ASOCIACION ALCIDES FERNANDEZ ESS DE ACANDI
ESS070;ESS ASOCIACION PLAYAS DEL PACIFICO ESS
ESS071;ESS ASOCIACION MUTUAL EL REVIVIR BAJO BAUDO
ESS072;ESS ASOCIACION AVANCEMOS ESS DE BOJAYA
ESS073;ESS ASOCIACION DE SALUD CARMELEÑA ESS
ESS074;ESS ASOCIACION GOLFO DE TRIBUGA ESS
ESS075;ESS ASOCIACION MUTUAL EL BUEN VIVIR ESS RIO QUITO
ESS076;ASOCIACION MUTUAL BARRIOS UNIDOS DE QUIBDO AMBUQ EPS-S ESS
ESS077;ESS ASOCIACION MILAGRO DE DIOS
ESS078;ESS ASOCIACION UNA ESPERANZA
ESS079;ESS ASOCIACION MUTUAL LA ESPERANZA
ESS080;ESS AMBUSANBER
ESS081;ESS ASOCICICION MUTUAL SALUD DE LORICA AMUSAL
ESS082;ESS ASOCIACION MUTUAL SALUD DEL SINU AMUSS
ESS083;ESS AMUCIS
ESS084;ESS AMSOTI ESS
ESS085;ESS ECOSORIENTE
ESS086;ESS FONDOPROSEGURIDAD SOCIAL DE LOTEROS DE BOGOTA
ESS087;ESS SALUD NORTE
ESS088;ESS ECOOPSALS
ESS089;ESS A M S DE CAPARRAPI AMESSALUD
ESS090;ESS COOPSOLSA
ESS091;ECOOPSOS EPS SAS EPS-S
ESS092;ESS COOPESAGA LTDA
ESS093;ESS ECISS
ESS094;ESS COOPSAM
ESS095;ESS COOPDESU LTDA
ESS096;ESS ECOOPSVERGARA
ESS097;ESS ASOCIACION MUTUAL DE CHIA ESS
ESS098;ESS ASOCIACION  MUTUAL EL PORVENIR ESS DE YACOPI
ESS099;ESS ASOCIACION ESS DE MAICAO
ESS100;ESS ASOCIACION ESS DE RIOHACHA ASMUDIG
ESS101;ESS ASOCIACION GUAVIARE 2000 ESS
ESS102;ESS ASOCIACION PARA LA SALUD SOLIDARIA DE LA ARGENTINA ESS
ESS103;ESS ASOCIACION MUTUAL DE SOLIDARIDAD PLATEÑA ESS ASOMUSP
ESS104;ESS ASOCIACION MUTUAL MACIZO COLOMBIANO ESS
ESS105;ESS COOPERATIVA VILLASALUD LTDA
ESS106;ESS ASOCIACION SOLIDARIA PARA EL DESARROLLO INTEGRAL DE ARACATACA
ESS107;ESS ASOCIACION MUTUAL SOLIDARIA PARA LA SALUD Y DESARROLLO INTEGRAL DE EL PIÑON
ESS108;ESS ASOCIACION MUTUAL SOLIDARIA PARA LA SALUD Y DESARROLLO INTEGRAL PARA FUNDACION
ESS109;ESS CORSAPIVI
ESS110;ESS CORPORACION SALUD PARA PUEBLOVIEJO
ESS111;ESS AMSDE SANTA MARTA ASMUSSALUD
ESS113;ESS ASOCIACION NUEVO AMANECER ESS
ESS114;ESS ASOCIACION MUTUAL ESS CUASPUD CARLOSAMA
ESS115;ESS ASOCIACION MUTUAL ESS MALLAMAS
ESS116;ESS ASOCIACION MUTUAL DE LA CRUZ ESS
ESS117;ESS ASOCIACION MUTUAL NUEVO AMANECER DE MALLAMA ESS  AMUNA
ESS118;ASOCIACION MUTUAL EMPRESA SOLIDARIA DE SALUD EMSSANAR E.S.S
ESS119;ESS ALCATRAZ LTDA
ESS120;ESS ASOCICICION MUTUAL COOESSALUD
ESS121;ESS ASOMUSAVIH
ESS122;ESS COEESSPATIOS
ESS123;ESS COPSOSAFA
ESS124;ESS AMESS
ESS125;ESS ASOCIACION MUTUAL SOLIDARIA DE SALUD Y DESARROLLO INTEGRAL DE QUIMBAYA
ESS126;ESS BELEN
ESS127;ESS ASODISPRO
ESS128;ESS COOMULSEB  LTDA
ESS129;ESS COPESALUD LTDA
ESS130;ESS COISBU LTDA
ESS131;ESS COOFLORSALUD LTDA
ESS132;ESS COVISALUD LTDA
ESS133;COOPERATIVA DE SALUD COMUNITARIA EMPRESA PROMOTORA DE SALUD SUBSIDIADA COMPARTA EPS-S
ESS134;ESS VILLASALUD LTDA
ESS135;ESS A M S DE SABANA DE TORRES
ESS136;ESS COESAN LTDA
ESS137;ESS SALUDDAR
ESS138;ESS EMPRESA COOP SERVICIOS DE SALUD ÈCOOPSCUNDAY
ESS139;ESS EMPRESAS COOPERATIVA DEL SALUD DE EL ESPINAL
ESS140;ESS COOPERATIVA DE BUENAVENTURA COOPESALUD
ESS141;ESS ESS COOPERATIVA DE SALUD COMUTARIA DE CALI COOPSACOC
ESS142;ESS ESS COOPERATIVA DE SALUD SOLIDARIA DE LA ZONA PLANA DEL SUR
ESS143;ESS COOPERATIVA DE PALMIRA ESSALUD
ESS144;ESS COOPERATIVA DE ROLDANILLO
ESS145;ESS COOPESAC
ESS146;ESS COOPSAVER
ESS147;ESS COOPERATIVA ZARZAL
ESS148;ESS ASSAVI
ESS149;ESS ASOCIACION MUTUAL PERMANENTE DE VALENCIA AMSAP
ESS150;ESS COOPERATIVA EMPRESA SOLIDARIA DE SALUD DEL HUILA COOEMSALUD LTDA ESS
ESS151;ESS COOPERATIVA INTEGRAL ESSDOSQUEBRADAS
ESS152;ESSAC ESS
ESS153;ESSBALBOA
ESS154;ESS COOPREGIOSALUD  LTDA
ESS155;ESS ASOCIACION MUTUAL DE PLANADAS AMUPLAN
ESS156;ESS COOPERATIVA DE SALUD COMUNITARIA COOMUNISALUD
ESS157;ESS MARIA OFELIA VILLAMIZAR BUITRAGO
ESS158;ESS SANTA CLARA DE CUCUTA
ESS159;ESS PUERTO SANTANDER
ESS160;ESS COOPERATIVA MULTIACTIVA METROPOLITANA PARA LA SALUD COOMSALUD
ESS161;ESS SALAZAR LAS PALMAS
ESS162;ESS COOPERTIVA SOLIDARIA DEL MUNICIPIO DE ARAUQUITA COOPSSA
ESS163;ESS DEL TIBU
ESS164;ESS ASOCIACION DE CABILDOS DEL CONSEJO REGIONAL INDIGENA CRIT
ESS165;ESS SALUD SUBA
ESS166;ESS COPORACION DEL CARIBE SOLCARIBE
ESS167;ESS COOP ESP EN SAL EN COLOMBIA COLOMBIANA DE SALUD COLSALUD
ESS168;ESS COOPERATIVA DE SALUD TIBU COOPSATIBU ESS
ESS169;ESS ASOCIACION MUTUAL SOLIDATIA DE SALUD DE CERETE AMUCER ESS
ESS170;ESS ASOCIACION MUTUAL ESS GUAITARA DE IPIALES
ESS171;ESS EMPRESA COOPERATIVA DE SALUD DEL M/PIO DE ATACO LA ESPERANZA
ESS172;ESS COOPERATIVA EMPRESA SOLIDARIA DE SALUD DEL SUR DEL TOLIMA COEPSURT ESS
ESS173;ESS COOPERATIVA SOLIDARIA DE SALUD COOPDESA
ESS174;ESS  SALUD COLOMBIA
ESS175;ESS ASOCIACION MUTUAL ADMON REGIMEN SUBSIDIADO EN SALUD ARSSALUD
ESS176;ESS ASOCIACION MUTUAL OCAÑA PARA LA SALUD SOLIDARIA
ESS177;ESS ASOCIACION DE CABILDOS INDIGENAS DEL CESAR DUSAKAWI
ESS178;ESS ASOCIACION MUTUAL DESPERTAR ESS
ESS179;ESS ASOCIACION MUTUAL LA SIERRA ESS MUTUAL LA SIERRA
ESS182;ESS ASOCICION INDIGENA DEL CAUCA AIC
ESS183;EMPRESA ESS COOPERATIVA DE SALUD Y CALIDAD DE VIDA LTDA COOPERATIVA NACERS LTDA ESS
ESS184;ESS ASOC DE CABILDOS DE RESGUARDO IND ZENU DE SAN ANDRES DE SOTAVENTO MANEXKA
ESS185;ESS COOPERATIVA ESPECIALIZADA DE SALUD COOPREVISALUD LTDA
ESS186;ESS COOPERATIVA LA MAGDALENA LTDA ESS COOPSAMAM
ESS187;ESS ASOCIACION MUTUAL LOS ANDES AMUANDES
ESS188;EMPRESA SOLIDARIA DE SALUD PERSONALIZADA PERSALUD
ESS189;ESS COOPERATIVA ESPECIALIZADA DE SALUD DEL NORTE DE SANTANDER COORNOSALUD
ESS190;ESS ASOCIACION EMPRESA SOLIDARIA DE SALUD DE LA GUAJIRA SOLIDSALUD
ESS191;ESS COOPERATIVA GENERACION SALUD GENESALUD ESS
ESS192;EMPRESA COOPERATIVA DE SERVICIOS DE SOCIALES ECOSS
ESS193;ESS COOPERATIVA DE BIENESTAR EN SALUD ESS COOBISALUD ESS
ESS194;ESS COOP ESPEN SALUD LIMITADA COESSALUD LTDA
ESS195;ESS COOPERATIVA MULTIACTIVA DE SALUD Y DESRROLLO INTEGRAL DEL CARIBE COOPSACARIBE
ESS196;ESS COOPERATIVA INTEGRAL DE SALUD ESS COOINSALUD
ESS197;ESS COOPERATIVA EMPRESA SOLIDARIA DE SALUD ESS SALUD SARARE LTDA
ESS198;ESS COOP ESPEN SALUD PARA LA FAMILIA COLOMBIANA LTDA SALUD FAMILIA LTDA
ESS199;EMPRESA SOLIDARIA DE SALUD EL ROSAL DE SAN RAFAEL
ESS200;ESS COOPERATIVA SALUD Y VIDA ESS COOPSAVID
ESS201;EMPRESA SOLIDARIA DE SALUD MI SALUD
ESS202;ESS COOPERATIVA DE SALUD DE LA COSTA SALUDCOSTA
ESS203;ESS ASOCIACION MUTUAL LLANOSALUD EMPRESA SOLIDARIA DE SALUD LLANOSALUD ESS
ESS204;ESS ASOCIACION MUTUAL SOLIDARIA PARA LA SALUD DE COLOMBIA ESS COLOMBIA SOLIDARIA
ESS205;ESS COOPERATIVA ESPECIALIZADA EN SALUD PROSUSALUD ESS
ESS206;ESS COOPERATIVA DE SALUD DEL MAGDALENA MEDIO COOPSAMAN
ESS207;ASOCIACION MUTUAL SER EMPRESA SOLIDARIA DE SALUD ESS
ESS208;ESS ANAS WAYUU EPS INDIGENA
ESSC02;EMPRESA MUTUAL PARA EL DESARROLLO INTEGRAL DE LA SALUD E.S.S EMDISALUD E.S.S EPS-S
ESSC07;ASOCIACION MUTUAL SER EMPRESA SOLIDARIA DE SALUD ESS
ESSC18;ASOCIACION MUTUAL EMPRESA SOLIDARIA DE SALUD EMSSANAR E.S.S
ESSC24;UCOOSALUD E.S.S.O ENTIDAD PROMOTORA DEL REGIMEN SUBSIDIADO EPS-S
ESSC33;COOPERATIVA DE SALUD COMUNITARIA EMPRESA PROMOTORA DE SALUD SUBSIDIADA COMPARTA EPS-S
ESSC62;ASMET SALUD EPS SAS
ESSC76;ASOCIACION MUTUAL BARRIOS UNIDOS DE QUIBDO AMBUQ EPS-S ESS
ESSC91;ECOOPSOS EPS SAS EPS-C
ESSCO2;EMPRESA MUTUAL PARA EL DESARROLLO INTEGRAL DE LA SALUD E.S.S. -EMDISALUD ESS- CONTRIBUTIVO
ESSCO7;ASOCIACION MUTUAL SER EMPRESA SOLIDARIA DE SALUD ESS- CONTRIBUTIVO
HC1413;AIG COLOMBIA SEGUROS DE VIDA SA
MIN001;FONDO DE SOLIDARIDAD Y GARANTIA MINISTERIO DE SALUD
PEC001;PE SERVICIO NACIONAL DE APRENDIZAJE SENA
PEC002;PE BANCO DE LA REPUBLICA
PEC003;PE EMPRESA DE TELEFONOS DE BOGOTA ETB
PEC004;EAS FERROCARRILES NACIONALES
PEC005;PE AVIANCA
PEC006;PE BAVARIA
REEC01;ECOPETROL S.A.
REFM01;Dirección GENERAL DE SANIDAD MILITAR
REMG01;FIDUCIARIA LA PREVISORA S.A. - FIDUPREVISORA S.A.
REPN01;Dirección DE SANIDAD POLICIA INACIONAL
RES001;RES POLICIA NACIONAL
RES002;RES ECOPETROL
RES003;RES FUERZAS MILITARES HOSPITAL MILITAR
RES004;RES FONDODE PRESTACIONES SOCIALES DEL MAGISTERIO
RES005;UATLANTICO
RES006;CAPRUIS
RES007;UNIVERSIDAD DEL VALLE
RES008;UNIVERSIDAD NACIONAL
RES009;UNIVERIDAD DEL CAUCA
RES010;UCARTAGENA
RES011;UANTIOQUIA
RES012;UCORDOBA
RES013;FERROCARRILES
RES014;UPTC
RES015;RES FONDO DE PRESTACIONES SOCIALES DEL CONGRESO DE LA REPUBLICA
RES016;RES INPEC
REUE01;UNIVERSIDAD NACIONAL DE COLOMBIA UNISALUD
REUE02;CAJA DE PREVISION SOCIAL DE LA UNIVERSIDAD INDUSTRIAL DE SANTANDER - CAPRUIS
REUE03;FONDO DE SALUD UNIVERSIDAD DE CORDOBA
REUE04;CAJA DE PREVISION SOCIAL DE LA UNIVERSIDAD DE CARTAGENA
REUE05;FONDO DE SEGURIDAD SOCIAL EN SALUD UNIVERSIDAD DE NARIÑO
REUE06;UNIDAD DE SALUD UNIVERSIDAD DEL CAUCA
REUE07;PROGRAMA DE SALUD UNIVERSIDAD DE ANTIOQUIA
REUE08;SERVICIO DE SALUD UNIVERSIDAD DEL VALLE
REUE09;UNIDAD DE SALUD DE LA UNIVERSIDAD DEL ATLANTICO
REUE10;UNIDAD DE SERVICIOS DE SALUD DE LA UNIVERSIDAD PEDAGOGICA Y TECNOLOGICA DE COLOMBIA (UNISALUD UPTC)
SAP026;EMERMEDICA S.A. SERVICIOS DE AMBULANCIA PREPAGADOS
SAP030;EMPRESA DE MEDICINA INTEGRAL EMI SA SERVICIO DE AMBULANCIA PREPAGADA
SAP031;ASISTENCIA MEDICA INMEDIATA-SERVICIO DE AMBULANCIA PREPAGADA S.A.
SAP032;SERVICIO DE EMERGENCIAS REGIONAL (SERVICIO DE AMBULANCIA PREPAGADO) S.A.
SAP033;COOMEVA MEDICINA PREPAGADA S.A.
SAP034;ASISTENCIA MEDICA SAS SERVICIO DE AMBULANCIA PREPAGADO
SAP035;SERVICIO DE ASISTENCIA MEDICA INMEDIATA S.A. - SERVICIO DE AMBULANCIA PREPAGADO
SAP036;SISTEMA DE TRASLADO APOYO DIAGNOSTICO Y TERAPEUTICO EN SALUD TRASMEDICA S.A. S.A.P. EN LIQUIDACION
SAP037;SERVICIOS MEDICOS INTEGRALES DE COLOMBIA SERVICIO DE AMBULANCIAS PREPAGADO S.A.S USEMI SAP S.A.S.O
SAP038;RED MEDICA MEDICA VITAL S.A.S. SERVICIO DE AMBULANCIA PREPAGADO (SAP)
UT001;CAJA SALUD ARS UT NEIVA
UT001_;CAJA SALUD ARS UT BOGOTA
UT002;UT COMFAMILIARES EN SALUD UT (COMFAMILIAR CARTAGENA Y COMFENALCO CARTAGENA)
UT003;CAJA DE COMPENSACION FAMILIAR DE ANTIOQUIA (COMFAMA)
UT004;UT CAJA DE COMPENSACION FAMILIAR DE ANTIOQUIA UCOMFAMAO
UT004_;COMFAMA
