id;eps;
5000;Dirección Departamental de Antioquia;
5001;Dirección de Salud de Medellin;
5002;Dirección Municipal de Salud de Abejorral;
5004;Dirección Municipal de Abriaqui;
5021;Dirección Municipal de Salud de Alejandria;
5030;Dirección Municipal de Salud de Amaga;
5031;Dirección Municipal de Salud de Amalfi;
5034;Dirección Municipal de Salud de Andes;
5036;Dirección Municipal de Salud de Angelopolis;
5038;Dirección Municipal de Salud de Angostura;
5040;Dirección Municipal de Salud de Anori;
5042;Dirección Municipal de Salud de Santafe de Antioquia;
5044;Dirección Municipal de Salud de Anza;
5045;Dirección Municipal de Salud de Apartado;
5051;Dirección Municipal de Salud de Arboletes;
5055;Dirección Municipal de Salud de Argelia;
5059;Dirección Municipal de Salud de Armenia;
5079;Dirección Municipal de Salud de Barbosa;
5086;Dirección Municipal de Salud de Belmira;
5088;Dirección Local de Salud Bello Antioquia;
5091;Dirección Municipal de Salud de Betania;
5093;Dirección Municipal de Salud de Betulia;
5101;Dirección Municipal de Salud de Ciudad Bolivar;
5107;Dirección Municipal de Salud de Briceño;
5113;Dirección Municipal de Salud de Buritica;
5120;Dirección Municipal de Salud de Caceres;
5125;Dirección Municipal de Salud de Caicedo;
5129;Dirección Municipal de Salud de Caldas;
5134;Dirección Municipal de Salud de Campamento;
5138;Dirección Municipal de Salud de Cañasgordas;
5142;Dirección Municipal de Salud de Caracoli;
5145;Dirección Municipal de Salud de Caramanta;
5147;Dirección Municipal de Salud de Carepa;
5148;Dirección Municipal de Salud de Carmen de Viboral;
5150;Dirección Municipal de Salud de Carolina;
5154;Dirección Municipal de Salud de Caucasia;
5172;Dirección Municipal de Salud de Chigorodo;
5190;Dirección Municipal de Salud de Cisneros;
5197;Dirección Municipal de Salud de Cocorna;
5206;Dirección Municipal de Salud de Concepcion;
5209;Dirección Municipal de Salud de Concordia;
5212;Dirección Municipal de Salud de Copacabana;
5234;Dirección Municipal de Salud de Dabeiba;
5237;Dirección Municipal de Salud de Don Matias;
5240;Dirección Municipal de Salud de Ebejico;
5250;Dirección Municipal de Salud de El Bagre;
5264;Dirección Municipal de Salud de Entrerrios;
5266;Dirección Local de Salud de Envigado;
5282;Dirección Municipal de Salud de Fredonia;
5284;Dirección Municipal de Salud de Frontino;
5306;Dirección Municipal de Salud de Giraldo;
5308;Dirección Municipal de Salud de Girardota;
5310;Dirección Municipal de Salud de Gomez Plata;
5313;Dirección Municipal de Salud de Granada;
5315;Dirección Municipal de Salud de Guadalupe;
5318;Dirección Municipal de Salud de Guarne;
5321;Dirección Municipal de Salud de Guatape;
5347;Dirección Municipal de Salud de Heliconia;
5353;Dirección Municipal de Salud de Hispania;
5360;Dirección Municipal de Salud de Itagui;
5361;Dirección Municipal de Salud de Ituango;
5364;Dirección Municipal de Salud de Jardin;
5368;Dirección Municipal de Salud de Jerico;
5376;Dirección Municipal de Salud de la Ceja;
5380;Dirección Municipal de Salud de la Estrella;
5390;Dirección Municipal de Salud de la Pintada;
5400;Dirección Municipal de Salud de la Union;
5411;Dirección Municipal de Salud de Liborina;
5425;Dirección Municipal de Salud de Maceo;
5440;Dirección Municipal de Salud de Marinilla;
5467;Dirección Municipal de Salud de Montebello;
5475;Dirección Municipal de Salud de Murindo;
5480;Dirección Municipal de Salud de Mutata;
5483;Dirección Municipal de Salud de Nariño;
5490;Dirección Municipal de Salud de Necocli;
5495;Dirección Municipal de Salud de Nechi;
5501;Dirección Municipal de Salud de Olaya;
5541;Dirección Municipal de Salud de Peñol;
5543;Dirección Municipal de Salud de Peque;
5576;Dirección Municipal de Salud de Pueblorrico;
5579;Dirección Municipal de Salud de Puerto Berrio;
5585;Dirección Municipal de Salud de Puerto Nare;
5591;Dirección Municipal de Salud de Puerto Triunfo;
5604;Dirección Municipal de Salud de Remedios;
5607;Dirección Municipal de Salud de Retiro;
5615;Dirección Municipal de Salud de Rionegro;
5628;Dirección Municipal de Salud de Sabanalarga;
5631;Secretaria de Salud Sabaneta Antioquia;
5642;Dirección Municipal de Salud de Salgar;
5647;Dirección Municipal de Salud de San Andres;
5649;Dirección Municipal de Salud de San Carlos;
5652;Dirección Municipal de Salud de San Francisco;
5656;Dirección Municipal de Salud de San Jeronimo;
5658;Dirección Municipal de Salud de San Jose de la Montaña;
5659;Dirección Local de Salud de San Juan de Uraba;
5660;Dirección Municipal de Salud de San Luis;
5664;Dirección Municipal de Salud de San Pedro;
5665;Dirección Municipal de Salud de San Pedro de Uraba;
5667;Dirección Municipal de Salud de San Rafael;
5670;Dirección Municipal de Salud de San Roque;
5674;Dirección Municipal de Salud de San Vicente;
5679;Dirección Municipal de Salud de Santa Barbara;
5686;Dirección Municipal de Salud de Santarosa de Osos;
5690;Dirección Municipal de Salud de Santo Domingo;
5697;Dirección Local de Salud El Santuario;
5736;Dirección Municipal de Salud de Segovia;
5756;Dirección Municipal de Salud de Sonson;
5761;Dirección Municipal de Salud de Sopetran;
5789;Dirección Municipal de Salud de Tamesis;
5790;Dirección Municipal de Salud de Taraza;
5792;Dirección Municipal de Salud de Tarso;
5809;Dirección Municipal de Salud de Titiribi;
5819;Dirección Municipal de Salud de Toledo;
5837;Dirección Municipal de Salud de Turbo;
5842;Dirección Municipal de Salud de Uramita;
5847;Dirección Municipal de Salud de Urrao;
5854;Dirección Municipal de Salud de Valdivia;
5856;Dirección Municipal de Salud de Valparaiso;
5858;Dirección Local de Salud Vegachi Ant;
5861;Dirección Municipal de Salud de Venecia;
5873;Dirección Municipal de Salud de Vigia del Fuerte;
5885;Dirección Municipal de Salud de Yali;
5887;Dirección Municipal de Salud de Yarumal;
5890;Dirección Municipal de Salud de Yolombo;
5893;Dirección Municipal de Salud de Yondo;
5895;Dirección Municipal de Salud de Zaragoza;
8000;Dire3ccion Departamental de Atlantico;
8001;Dirección Municipal de Salud de Barranquilla;
8078;Dirección Municipal de Salud de Baranoa;
8137;Dirección Municipal de Salud de Campo de la Cruz;
8141;Dirección Municipal de Salud de Candelaria;
8296;Dirección Municipal de Salud de Galapa;
8372;Dirección Municipal de Salud de Juan de Acosta;
8421;Dirección Municipal de Salud de Luruaco;
8433;Dirección Municipal de Salud de Malambo;
8436;Dirección Municipal de Salud de Manati;
8520;Dirección Municipal de Salud de Palmar de Varela;
8549;Dirección Municipal de Salud de Piojo;
8558;Dirección Municipal de Salud de Polonuevo;
8560;Dirección Municipal de Salud de Ponedera;
8573;Dirección Municipal de Salud de Puerto Colombia;
8606;Dirección Municipal de Salud de Repelon;
8634;Dirección Municipal de Salud de Sabanagrande;
8638;Dirección Municipal de Salud de Sabanalarga;
8675;Dirección Municipal de Salud de Santa Lucia;
8685;Dirección Municipal de Salud de Santo Tomas;
8758;Dirección Municipal de Salud de Soledad;
8770;Dirección Municipal de Salud de Suan;
8832;Dirección Municipal de Salud de Tubara;
8849;Dirección Municipal de Salud de Usiacuri;
11000;Secretaria Distrital de Salud;
11001;Secretaria Distrital de Salud;
11002;Dirección Municipal de Salud de Capinero;
11003;Dirección Municipal de Salud de Santa Fe;
11004;Dirección Municipal de Salud de San Cristobal;
11005;Dirección Municipal de Salud de Usme;
11006;Dirección Municipal de Salud de Tunjuelito;
11007;Dirección Municipal de Salud de Bosa;
11008;Dirección Municipal de Salud de Kennedy;
11009;Dirección Municipal de Salud de Fontibon;
11010;Dirección Municipal de Salud de Engativa;
11011;Dirección Municipal de Salud de Suba;
11012;Dirección Municipal de Salud de Barrios Unidos;
11013;Dirección Municipal de Salud de Teusaquillo;
11014;Dirección Municipal de Salud de Martires;
11015;Dirección Municipal de Salud de Antonio Nariño;
11016;Dirección Municipal de Salud de Puente Aranda;
11017;Dirección Municipal de Salud de Candelaria;
11018;Dirección Municipal de Salud de Rafael Uribe;
11019;Dirección Municipal de Salud de Ciudad Bolivar;
11020;Dirección Municipal de Salud de Sumapaz;
13000;Dirección Departamental de Bolivar;
13001;Dirección Municipal de Salud de Cartagena;
13006;Dirección Municipal de Salud de Achi;
13030;Dirección Municipal de Salud de Altos del Rosario;
13042;Dirección Municipal de Salud de Arenal;
13052;Dirección Municipal de Salud de Arjona;
13062;Dirección Municipal de Salud de Arroyohondo;
13074;Dirección Municipal de Salud de Barranco de Loba;
13-ene;Allianz Seguros S.A.;
13-14;Aseg Generali Colombiaseguros Generales Sa;
13140;Dirección Municipal de Salud de Calamar;
13-15;Aseg Royal & Sun Alliance Seguros (Colombia) Sa;
13160;Dirección Municipal de Salud de Cantagallo;
13-17;Aseg Compañia Mundial de Seguros S.A.;
13-18;Seguros Generales Suramericana S.A.;
13188;Dirección Municipal de Salud de Cicuco;
13-19;Aseg Condor Sa Compañia de Seguros Generales;
13-21;Aseg Chubb de Colombia Compañia de Seguros Sa;
13212;Dirección Municipal de Salud de Cordoba;
13-22;Chartis Seguros Colombia S.A.;
13222;Dirección Municipal de Salud de Clemencia;
13-24;Aseg la Previsora S.A. Compañia de Seguros;
13244;Dirección Municipal de Salud de El Carmen de Bolivar;
13248;Dirección Municipal de Salud de El Guamo;
13-25;Aseg Seguros Alfa Sa;
13-26;Aseg Mapfre Seguros Generales de Colombia Sa;
13268;Dirección Municipal de Salud de El Penon;
13-27;Aseg Seguros Comerciales Bolivar Sa;
13-29;Aseg Seguros del Estado S.A.;
13-30;Aseg Segurexpo de Colombia Sa Aseguradora de Credito y del Comercio Exterior;
13300;Dirección Municipal de Salud de Hatillo de Loba;
13-33;Aseg Liberty Seguros S.A.;
13-41;Aseg Bbva Seguros Colombia Sa;
13-42;Mapfre Seguros de Credito S.A.;
13430;Dirección Municipal de Salud de Magangue;
13433;Dirección Municipal de Salud de Mahates;
13-44;Cardif Colombia Seguros Generales S.A.;
13440;Dirección Municipal de Salud de Margarita;
13442;Dirección Municipal de Salud de Maria la Baja;
13458;Dirección Municipal de Salud de Montecristo;
13468;Dirección Municipal de Salud de Mompos;
13473;Dirección Municipal de Salud de Morales;
13490;Dirección Municipal de Norosi;
13-may;Aseg Ace Seguros Sa;
13549;Dirección Municipal de Salud de Pinillos;
13580;Dirección Municipal de Salud de Regidor;
13-jun;Aseg Seguros Colpatria S.A.;
13600;Dirección Municipal de Salud de Rio Viejo;
13620;Dirección Municipal de Salud de San Cristobal;
13647;Dirección Municipal de Salud de San Estanislao;
13650;Dirección Municipal de Salud de San Fernando;
13654;Dirección Municipal de Salud de San Jacinto;
13655;Dirección Municipal de Salud de San Jacinto del Cauca;
13657;Dirección Municipal de Salud de San Juan Nepomuceno;
13667;Dirección Municipal de Salud de San Martin de Loba;
13670;Dirección Municipal de Salud de San Pablo;
13673;Dirección Municipal de Salud de Santa Catalina;
13683;Dirección Municipal de Salud de Santa Rosa;
13688;Dirección Municipal de Salud de Santa Rosa del Sur;
13-jul;Eco Seguros S.A.;
13744;Dirección Municipal de Salud de Simiti;
13760;Dirección Municipal de Salud de Soplaviento;
13780;Dirección Municipal de Salud de Talaigua Nuevo;
13-ago;Aseg Compañia Aseguradora de Fianzas Sa; Confianza (Ver Novedades 2000
13810;Dirección Municipal de Salud de Tiquisio;
13836;Dirección Municipal de Salud de Turbaco;
13838;Dirección Municipal de Salud de Turbana;
13873;Dirección Municipal de Salud de Villanueva;
13894;Dirección Municipal de Salud de Zambrano;
13-sep;Central de Seguros;
14-ene;Allianz Seguros de Vida S.A.;
14-oct;Aseg Generali Colombia Vida Compañia de Seguros S.A.;
14-nov;Aseg Seguros de Vida Suramericana S.A.;
14-13;Metlife Colombia S.A;
14-16;Aseg Pan American Life de Colombia Compañia de Seguros de Vida S.A.;
14-17;Seguros de Vida Alfa S.A. Vidalfa S.A.;
14-18;Liberty Seguros de Vida Sa;
14-19;Aseg Seguros de Vida del Estado S.A.;
14-20;Global Seguros;
14-23;Positiva Compañia de Seguros Sa;
14-25;Compañia de Seguros de Vida Colmena S.A.;
14-26;Aseg Bbv Seguros Ganadero Compañia de Seguros de Vida Sa la Ganadera Administradora de Riesgos Profesionales;
14-28;Seguros de Riesgos Laborales Suramericana S.A.;
14-29;la Equidad Seguros de Vida;
14-30;Mapfre Colombia Vida Seguros S A;
14-31;Bmi Colombia S.A.;
14-abr;Seguros de Vida Axa Colpatria S.A;
14-jul;Compañia de Seguros Bolivar S.A.;
14-ago;Compania de Seguros de Vida Aurora S A;
15000;Dirección de Departamental de Boyaca;
15001;Dirección Municipal de Salud de Tunja;
15022;Dirección Municipal de Salud de Almeida;
15047;Dirección Municipal de Salud de Aquitania;
15051;Dirección Municipal de Salud de Arcabuco;
15087;Dirección Municipal de Salud de Belen;
15090;Dirección Municipal de Salud de Berbeo;
15092;Dirección Municipal de Salud de Beteitiva;
15097;Dirección Municipal de Salud de Boavita;
15-ene;la Equidad Seguros Generales;
15104;Dirección Municipal de Salud de Boyaca;
15106;Dirección Municipal de Salud de Briceño;
15109;Dirección Municipal de Salud de Buenavista;
15114;Dirección Municipal de Salud de Busbanza;
15131;Dirección Municipal de Salud de Caldas;
15135;Dirección Municipal de Salud de Campohermoso;
15162;Dirección Municipal de Salud de Cerinza;
15172;Dirección Municipal de Salud de Chinavita;
15176;Dirección Municipal de Salud de Chiquinquira;
15180;Dirección Municipal de Salud de Chiscas;
15183;Dirección Municipal de Salud de Chita;
15185;Dirección Municipal de Salud de Chitaraque;
15187;Dirección Municipal de Salud de Chivata;
15189;Dirección Municipal de Salud de Cienega;
15-feb;Aseg Solidaria de Colombia Ltda Entidad Cooperativa Solidaria;
15204;Dirección Municipal de Salud de Combita;
15212;Dirección Municipal de Salud de Coper;
15215;Dirección Municipal de Salud de Corrales;
15218;Dirección Municipal de Salud de Covarachia;
15223;Dirección Municipal de Salud de Cubara;
15224;Dirección Municipal de Salud de Cucaita;
15226;Dirección Municipal de Salud de Cuitiva;
15232;Dirección Municipal de Salud de Chiquiza;
15236;Dirección Municipal de Salud de Chivor;
15238;Dirección Municipal de Salud de Duitama;
15244;Dirección Municipal de Salud de El Cocuy;
15248;Dirección Municipal de Salud de El Espino;
15272;Dirección Municipal de Salud de Firavitoba;
15276;Dirección Municipal de Salud de Floresta;
15293;Dirección Municipal de Salud de Gachantiva;
15296;Dirección Municipal de Salud de Gameza;
15299;Dirección Municipal de Salud de Garagoa;
15317;Dirección Municipal de Salud de Guacamayas;
15322;Dirección Municipal de Salud de Guateque;
15325;Dirección Municipal de Salud de Guayata;
15332;Dirección Municipal de Salud de Guican;
15362;Dirección Municipal de Salud de Iza;
15367;Dirección Municipal de Salud de Jenesano;
15368;Dirección Municipal de Salud de Jerico;
15377;Dirección Municipal de Salud de Labranzagrande;
15380;Dirección Municipal de Salud de la Capilla;
15401;Dirección Municipal de Salud de la Victoria;
15403;Dirección Municipal de Salud de la Uvita;
15407;Dirección Municipal de Salud de Villa de Leyva;
15425;Dirección Municipal de Salud de Macanal;
15442;Dirección Municipal de Salud de Maripi;
15455;Dirección Municipal de Salud de Miraflores;
15464;Dirección Municipal de Salud de Mongua;
15466;Dirección Municipal de Salud de Mongui;
15469;Dirección Municipal de Salud de Moniquira;
15476;Dirección Municipal de Salud de Motavita;
15480;Dirección Municipal de Salud de Muzo;
15491;Dirección Municipal de Salud de Nobsa;
15494;Dirección Municipal de Salud de Nuevo Colon;
15500;Dirección Municipal de Salud de Oicata;
15507;Dirección Municipal de Salud de Otanche;
15511;Dirección Municipal de Salud de Pachavita;
15514;Dirección Municipal de Salud de Paez;
15516;Dirección Municipal de Salud de Paipa;
15518;Dirección Municipal de Salud de Pajarito;
15522;Dirección Municipal de Salud de Panqueba;
15531;Dirección Municipal de Salud de Pauna;
15533;Dirección Municipal de Salud de Paya;
15537;Dirección Municipal de Salud de Paz de Rio;
15542;Dirección Municipal de Salud de Pesca;
15550;Dirección Municipal de Salud de Pisba;
15572;Dirección Municipal de Salud de Puerto Boyaca;
15580;Dirección Municipal de Salud de Quipama;
15599;Dirección Municipal de Salud de Ramiriqui;
15600;Dirección Municipal de Salud de Raquira;
15621;Dirección Municipal de Salud de Rondon;
15632;Dirección Municipal de Salud de Saboya;
15638;Dirección Municipal de Salud de Sachica;
15646;Dirección Municipal de Salud de Samaca;
15660;Dirección Municipal de Salud de San Eduardo;
15664;Dirección Municipal de Salud de San Jose de Pare;
15667;Dirección Municipal de Salud de San Luis de Gaceno;
15673;Dirección Municipal de Salud de San Mateo;
15676;Dirección Municipal de Salud de San Miguel de Sema;
15681;Dirección Municipal de Salud de San Pablo Borbur;
15686;Dirección Municipal de Salud de Santana;
15690;Dirección Municipal de Salud de Santa Maria;
15693;Dirección Municipal de Salud de San Rosa Viterbo;
15696;Dirección Municipal de Salud de Santa Sofia;
15720;Dirección Municipal de Salud de Sativanorte;
15723;Dirección Municipal de Salud de Sativasur;
15740;Dirección Municipal de Salud de Siachoque;
15753;Dirección Municipal de Salud de Soata;
15755;Dirección Municipal de Salud de Socota;
15757;Dirección Municipal de Salud de Socha;
15759;Dirección Municipal de Salud de Sogamoso;
15761;Dirección Municipal de Salud de Somondoco;
15762;Dirección Municipal de Salud de Sora;
15763;Dirección Municipal de Salud de Sotaquira;
15764;Dirección Municipal de Salud de Soraca;
15774;Dirección Municipal de Salud de Susacon;
15776;Dirección Municipal de Salud de Sutamarchan;
15778;Dirección Municipal de Salud de Sutatenza;
15790;Dirección Municipal de Salud de Tasco;
15798;Dirección Municipal de Salud de Tenza;
15804;Dirección Municipal de Salud de Tibana;
15806;Dirección Municipal de Salud de Tibasosa;
15808;Dirección Municipal de Salud de Tinjaca;
15810;Dirección Municipal de Salud de Tipacoque;
15814;Dirección Municipal de Salud de Toca;
15816;Dirección Municipal de Salud de Togui;
15820;Dirección Municipal de Salud de Topaga;
15822;Dirección Municipal de Salud de Tota;
15832;Dirección Municipal de Salud de Tunungua;
15835;Dirección Municipal de Salud de Turmeque;
15837;Dirección Municipal de Salud de Tuta;
15839;Dirección Municipal de Salud de Tutaza;
15842;Dirección Municipal de Salud de Umbita;
15861;Dirección Municipal de Salud de Ventaquemada;
15879;Dirección Municipal de Salud de Viracacha;
15897;Dirección Municipal de Salud de Zetaquira;
17000;Dirección Departamental de Caldas;
17001;Dirección Municipal de Salud de Manizales;
17013;Dirección Municipal de Salud de Aguadas;
17042;Dirección Municipal de Salud de Anserma;
17050;Dirección Municipal de Salud de Aranzazu;
17088;Dirección Municipal de Salud de Belalcazar;
17174;Dirección Municipal de Salud de Chinchina;
17272;Dirección Municipal de Salud de Filadelfia;
17380;Dirección Municipal de Salud de la Dorada;
17388;Dirección Municipal de Salud de la Merced;
17433;Dirección Municipal de Salud de Manzanares;
17442;Dirección Municipal de Salud de Marmato;
17444;Dirección Municipal de Salud de Marquetalia;
17446;Dirección Municipal de Salud de Marulanda;
17486;Dirección Municipal de Salud de Neira;
17495;Dirección Municipal de Salud de Norcasia;
17513;Dirección Municipal de Salud de Pacora;
17524;Dirección Municipal de Salud de Palestina;
17541;Dirección Municipal de Salud de Pensilvania;
17614;Dirección Municipal de Salud de Riosucio;
17616;Dirección Municipal de Salud de Risaralda;
17653;Dirección Municipal de Salud de Salamina;
17662;Dirección Municipal de Salud de Samana;
17665;Dirección Municipal de Salud de San Jose;
17777;Dirección Municipal de Salud de Supia;
17867;Dirección Municipal de Salud de Victoria;
17873;Dirección Municipal de Salud de Villamaria;
17877;Dirección Municipal de Salud de Viterbo;
18000;Dirección Departamental de Caqueta;
18001;Dirección Municipal de Salud de Florencia;
18029;Dirección Municipal de Salud de Albania Caqueta;
18094;Dirección Municipal de Salud de Belen de Los Andaquies;
18150;Dirección Municipal de Salud de Cartagena del Chaira;
18205;Dirección Municipal de Salud de Currillo;
18247;Dirección Municipal de Salud de El Doncello;
18256;Dirección Municipal de Salud de El Paujil;
18410;Dirección Municipal de Salud de la Montañita;
18460;Dirección Municipal de Salud de Milan;
18479;Dirección Municipal de Salud de Morelia;
18592;Dirección Municipal de Salud de Puerto Rico;
18610;Dirección Municipal de Salud de San Jose de la Fragua;
18753;Dirección Municipal de Salud de San Vicente del Caguan;
18756;Dirección Municipal de Salud de Solano;
18785;Dirección Municipal de Salud de Solita;
18860;Dirección Municipal de Salud de Valparaiso;
19000;Dirección Departamental del Cauca;
19001;Dirección Municipal de Salud de Popayan;
19022;Dirección Municipal de Salud de Almaguer;
19050;Dirección Municipal de Salud de Argelia;
19075;Dirección Municipal de Salud de Balboa;
19100;Dirección Municipal de Salud de Bolivar;
19110;Dirección Municipal de Salud de Buenos Aires;
19130;Dirección Municipal de Salud de Cajibio;
19137;Dirección Municipal de Salud de Caldono;
19142;Dirección Municipal de Salud de Caloto;
19212;Dirección Municipal de Salud de Corinto;
19256;Dirección Municipal de Salud de El Tambo;
19290;Dirección Municipal de Salud de Florencia;
19300;Dirección Municipal de Guachene;
19318;Dirección Municipal de Salud de Guapi;
19355;Dirección Municipal de Salud de Inza;
19364;Dirección Municipal de Salud de Jambalo;
19392;Dirección Municipal de Salud de la Sierra;
19397;Dirección Municipal de Salud de la Vega;
19418;Dirección Municipal de Salud de Lopez;
19450;Dirección Municipal de Salud de Mercaderes;
19455;Dirección Municipal de Salud de Miranda;
19473;Dirección Municipal de Salud de Morales;
19513;Dirección Municipal de Salud de Padilla;
19517;Dirección Municipal de Salud de Paez;
19532;Dirección Municipal de Salud de Patia;
19533;Dirección Municipal de Salud de Piamonte;
19548;Dirección Municipal de Salud de Piendamo;
19573;Dirección Municipal de Salud de Puerto Tejada;
19585;Dirección Municipal de Salud de Purace;
19622;Dirección Municipal de Salud de Rosas;
19693;Dirección Municipal de Salud de San Sebastian;
19698;Dirección Municipal de Salud de Santander de Quilichao;
19701;Dirección Municipal de Salud de Santa Rosa;
19743;Dirección Municipal de Salud de Silvia;
19760;Dirección Municipal de Salud de Sotara;
19780;Dirección Municipal de Salud de Suarez;
19785;Dirección Municipal de Salud de Sucre;
19807;Dirección Municipal de Salud de Timbio;
19809;Dirección Municipal de Salud de Timbiqui;
19821;Dirección Municipal de Salud de Toribio;
19824;Dirección Municipal de Salud de Totoro;
19845;Dirección Municipal de Salud de Villa Rica;
20000;Dirección Departamental del Cesar;
20001;Dirección Municipal de Salud de Valledupar;
20011;Dirección Municipal de Salud de Aguachica;
20013;Dirección Municipal de Salud de Agustin Codazzi;
20032;Dirección Municipal de Salud de Astrea;
20045;Dirección Municipal de Salud de Becerril;
20060;Dirección Municipal de Salud de Bosconia;
20175;Dirección Municipal de Salud de Chimichagua;
20178;Dirección Municipal de Salud de Chiriguana;
20228;Dirección Municipal de Salud de Curumani;
20238;Dirección Municipal de Salud de El Copey;
20250;Dirección Municipal de Salud de El Paso;
20295;Dirección Municipal de Salud de Gamarra;
20310;Dirección Municipal de Salud de Gonzalez;
20383;Dirección Municipal de Salud de la Gloria;
20400;Dirección Municipal de Salud de la Jagua de Ibirico;
20443;Dirección Municipal de Salud de Manaure;
20517;Dirección Municipal de Salud de Pailitas;
20550;Dirección Municipal de Salud de Pelaya;
20570;Dirección Municipal de Salud de Pueblo Bello;
20614;Dirección Municipal de Salud de Rio de Oro;
20621;Dirección Municipal de Salud de la Paz;
20710;Dirección Municipal de Salud de San Alberto;
20750;Dirección Municipal de Salud de San Diego;
20770;Dirección Municipal de Salud de San Martin;
20787;Dirección Municipal de Salud de Tamalameque;
23000;Dirección Departametal de Cordoba;
23001;Dirección Municipal de Salud de Monteria;
23068;Dirección Municipal de Salud de Ayapel;
23079;Dirección Municipal de Salud de Buenavista;
23090;Dirección Municipal de Salud de Canalete;
23162;Dirección Municipal de Salud de Cerete;
23168;Dirección Municipal de Salud de Chima;
23182;Dirección Municipal de Salud de Chinu;
23189;Dirección Municipal de Salud de Cienaga de Oro;
23300;Dirección Municipal de Salud de Cotorra;
23350;Dirección Municipal de Salud de la Apartada;
23417;Dirección Municipal de Salud de Lorica;
23419;Dirección Municipal de Salud de Los Cordobas;
23464;Dirección Municipal de Salud de Momil;
23466;Dirección Municipal de Salud de Montelibano;
23500;Dirección Municipal de Salud de Moñitos;
23555;Dirección Municipal de Salud de Planeta Rica;
23570;Dirección Municipal de Salud de Pueblo Nuevo;
23574;Dirección Municipal de Salud de Puerto Escondido;
23580;Dirección Municipal de Salud de Puerto Libertador;
23586;Dirección Municipal de Salud de Purisima;
23660;Dirección Municipal de Salud de Sahagun;
23670;Dirección Municipal de Salud de San Andres de Sotavento;
23672;Dirección Municipal de Salud de San Antero;
23675;Dirección Municipal de Salud de San Bernardo del Viento;
23678;Dirección Municipal de Salud de San Carlos;
23682;Dirección Municipal de San Jose de Ure;
23686;Dirección Municipal de Salud de San Pelayo;
23807;Dirección Municipal de Salud de Tierralta;
23815;Dirección Municipal de Tuchin;
23855;Dirección Municipal de Salud de Valencia;
25000;Dirección Departamental de Cundinamarca;
25001;Dirección Municipal de Salud de Agua de Dios;
25019;Dirección Municipal de Salud de Alban;
25035;Dirección Municipal de Salud de Anapoima;
25040;Dirección Municipal de Salud de Anolaima;
25053;Dirección Municipal de Salud de Arbelaez;
25086;Dirección Municipal de Salud de Beltran;
25095;Dirección Municipal de Salud de Bituima;
25099;Dirección Municipal de Salud de Bojaca;
25120;Dirección Municipal de Salud de Cabrera;
25123;Dirección Municipal de Salud de Cachipay;
25126;Dirección Municipal de Salud de Cajica;
25148;Dirección Municipal de Salud de Caparrapi;
25151;Dirección Municipal de Salud de Caqueza;
25154;Dirección Municipal de Salud de Carmen de Carupa;
25168;Dirección Municipal de Salud de Chaguani;
25175;Dirección Municipal de Salud de Chia;
25178;Dirección Municipal de Salud de Chipaque;
25181;Dirección Municipal de Salud de Choachi;
25183;Dirección Municipal de Salud de Choconta;
25200;Dirección Municipal de Salud de Cogua;
25214;Dirección Municipal de Salud de Cota;
25224;Dirección Municipal de Salud de Cucunuba;
25245;Dirección Municipal de Salud de El Colegio;
25258;Dirección Municipal de Salud de El Peñon;
25260;Dirección Municipal de Salud de El Rosal;
25269;Dirección Municipal de Salud de Facatativa;
25279;Dirección Municipal de Salud de Fomeque;
25281;Dirección Municipal de Salud de Fosca;
25286;Dirección Municipal de Salud de Funza;
25288;Dirección Municipal de Salud de Fuquene;
25290;Dirección Municipal de Salud de Fusagasuga;
25293;Dirección Municipal de Salud de Gachala;
25295;Dirección Municipal de Salud de Gachancipa;
25297;Dirección Municipal de Salud de Gacheta;
25299;Dirección Municipal de Salud de Gama;
25307;Dirección Municipal de Salud de Girardot;
25312;Dirección Municipal de Salud de Granada;
25317;Dirección Municipal de Salud de Guacheta;
25320;Dirección Municipal de Salud de Guaduas;
25322;Dirección Municipal de Salud de Guasca;
25324;Dirección Municipal de Salud de Guataqui;
25326;Dirección Municipal de Salud de Guatavita;
25328;Dirección Municipal de Salud de Guayabal de Siquima;
25335;Dirección Municipal de Salud de Guayabetal;
25339;Dirección Municipal de Salud de Gutierrez;
25368;Dirección Municipal de Salud de Jerusalen;
25372;Dirección Municipal de Salud de Junin;
25377;Dirección Municipal de Salud de la Calera;
25386;Dirección Municipal de Salud de la Mesa;
25394;Dirección Municipal de Salud de la Palma;
25398;Dirección Municipal de Salud de la Peña;
25402;Dirección Municipal de Salud de la Vega;
25407;Dirección Municipal de Salud de Lenguazaque;
25426;Dirección Municipal de Salud de Macheta;
25430;Dirección Municipal de Salud de Madrid;
25436;Dirección Municipal de Salud de Manta;
25438;Dirección Municipal de Salud de Medina;
25473;Dirección Municipal de Salud de Mosquera;
25483;Dirección Municipal de Salud de Nariño;
25486;Dirección Municipal de Salud de Nemocon;
25488;Dirección Municipal de Salud de Nilo;
25489;Dirección Municipal de Salud de Nimaima;
25491;Dirección Municipal de Salud de Nocaima;
25506;Dirección Municipal de Salud de Venecia;
25513;Dirección Municipal de Salud de Pacho;
25518;Dirección Municipal de Salud de Paime;
25524;Dirección Municipal de Salud de Pandi;
25530;Dirección Municipal de Salud de Paratebueno;
25535;Dirección Municipal de Salud de Pasca;
25572;Dirección Municipal de Salud de Puerto Salgar;
25580;Dirección Municipal de Salud de Puli;
25592;Dirección Municipal de Salud de Quebradanegra;
25594;Dirección Municipal de Salud de Quetame;
25596;Dirección Municipal de Salud de Quipile;
25599;Dirección Municipal de Salud de Apulo;
25612;Dirección Municipal de Salud de Ricaurte;
25645;Dirección Municipal de Salud de San Antonio de Tequendama;
25649;Dirección Municipal de Salud de San Bernardo;
25653;Dirección Municipal de Salud de San Cayetano;
25658;Dirección Municipal de Salud de San Francisco;
25662;Dirección Municipal de Salud de San Juan de Rioseco;
25718;Dirección Municipal de Salud de Sasaima;
25736;Dirección Municipal de Salud de Sesquile;
25740;Dirección Municipal de Salud de Sibate;
25743;Dirección Municipal de Salud de Silvania;
25745;Dirección Municipal de Salud de Simijaca;
25754;Dirección Municipal de Salud de Soacha;
25758;Dirección Municipal de Salud de Sopo;
25769;Dirección Municipal de Salud de Subachoque;
25772;Dirección Municipal de Salud de Suesca;
25777;Dirección Municipal de Salud de Supata;
25779;Dirección Municipal de Salud de Susa;
25781;Dirección Municipal de Salud de Sutatausa;
25785;Dirección Municipal de Salud de Tabio;
25793;Dirección Municipal de Salud de Tausa;
25797;Dirección Municipal de Salud de Tena;
25799;Dirección Municipal de Salud de Tenjo;
25805;Dirección Municipal de Salud de Tibacuy;
25807;Dirección Municipal de Salud de Tibirita;
25815;Dirección Municipal de Salud de Tocaima;
25817;Dirección Municipal de Salud de Tocancipa;
25823;Dirección Municipal de Salud de Topaipi;
25839;Dirección Municipal de Salud de Ubala;
25841;Dirección Municipal de Salud de Ubaque;
25843;Dirección Municipal de Salud de Ubate;
25845;Dirección Municipal de Salud de Une;
25851;Dirección Municipal de Salud de Utica;
25862;Dirección Municipal de Salud de Vergara;
25867;Dirección Municipal de Salud de Viani;
25871;Dirección Municipal de Salud de Villagomez;
25873;Dirección Municipal de Salud de Villapinzon;
25875;Dirección Municipal de Salud de Villeta;
25878;Dirección Municipal de Salud de Viota;
25885;Dirección Municipal de Salud de Yacopi;
25898;Dirección Municipal de Salud de Zipacon;
25899;Dirección Municipal de Salud de Zipaquira;
27000;Dirección Departamental de Choco;
27001;Dirección Municipal de Salud de Quibdo;
27006;Dirección Municipal de Acandi;
27025;Dirección Municipal de Salud de Alto Baudo;
27050;Dirección Municipal de Salud de Atrato;
27073;Dirección Municipal de Salud de Bagado;
27075;Dirección Municipal de Salud de Bahia Solano;
27077;Dirección Municipal de Salud de Bajo Baudo;
27086;Dirección Municipal de Salud de Belen de Bajira;
27099;Dirección Municipal de Salud de Bojaya;
27135;Dirección Municipal de Salud de Canton de San Pablo;
27150;Dirección Municipal de Salud de Carmen del Darien;
27160;Dirección Municipal de Salud de Certegui;
27205;Dirección Municipal de Salud de Condoto;
27245;Dirección Municipal de Salud de El Carmen de Atrato;
27250;Dirección Municipal de Salud de El Litoral del San Juan;
27361;Dirección Municipal de Salud de Itsmina;
27372;Dirección Municipal de Salud de Jurado;
27413;Dirección Municipal de Salud de Lloro;
27425;Dirección Municipal de Salud de Medio Atrato;
27430;Dirección Municipal de Salud de Medio Baudo;
27450;Dirección Municipal de Salud de Medio San Juan;
27491;Dirección Municipal de Salud de Novita;
27495;Dirección Municipal de Salud de Nuqui;
27580;Dirección Municipal de Salud de Rio Iro;
27600;Dirección Municipal de Salud de Rio Quito;
27615;Dirección Municipal de Salud de Riosucio;
27660;Dirección Municipal de Salud de San Jose del Palmar;
27745;Dirección Municipal de Salud de Sipi;
27787;Dirección Municipal de Salud de Tado;
27800;Dirección Municipal de Salud de Unguia;
27810;Dirección Municipal de Salud de Union Panamericana;
41000;Dirección Departamental de Huila;
41001;Dirección Local de Salud de Neiva;
41006;Dirección Local de Salud de Acevedo Huila;
41013;Dirección Municipal de Salud de Agrado;
41016;Dirección Local de Salud de Aipe;
41020;Dirección Municipal de Salud de Algeciras;
41026;Dirección Municipal de Salud de Altamira;
41078;Dirección Municipal de Salud de Baraya;
41132;Dirección Municipal de Salud de Campoalegre;
41206;Dirección Municipal de Salud de Colombia;
41244;Dirección Municipal de Salud de Elias;
41298;Dirección Municipal de Salud de Garzon;
41306;Dirección Municipal de Salud de Gigante;
41319;Dirección Municipal de Salud de Guadalupe;
41349;Dirección Municipal de Salud de Hobo;
41357;Dirección Municipal de Salud de Iquira;
41359;Dirección Municipal de Salud de Isnos;
41378;Dirección Municipal de Salud de la Argentina;
41396;Dirección Local de Salud la Plata Huila;
41483;Dirección Local de Salud Nataga Huila;
41503;Dirección Municipal de Salud de Oporapa;
41518;Dirección Municipal de Salud de Paicol;
41524;Dirección Local de Salud de Palermo Huila;
41530;Dirección Local de Salud Palestina Huila;
41548;Dirección Local de Salud El Pital;
41551;Dirección Local de Salud de Pitalito Huila;
41615;Dirección Local de Salud de Rivera Huila;
41660;Dirección Local de Salud Salado Blanco;
41668;Dirección Municipal de Salud de San Agustin;
41676;Dirección Municipal de Salud de Santa Maria;
41770;Dirección Municipal de Salud de Suaza;
41791;Dirección Municipal de Salud de Tarqui;
41797;Dirección Municipal de Salud de Tesalia;
41799;Dirección Municipal de Salud de Tello;
41801;Dirección Local de Salud de Teruel Huila;
41807;Dirección Municipal de Salud de Timana;
41872;Secretaria Municipal de Salud Villavieja Huila;
41885;Dirección Local de Salud de Yaguara;
44000;Dirección Departamental de la Guajira;
44001;Dirección Municipal de Riohacha;
44035;Dirección Municipal de Salud de Albania;
44078;Dirección Municipal de Salud de Barrancas;
44090;Dirección Municipal de Salud de Dibulla;
44098;Dirección Municipal de Salud de Distraccion;
44110;Dirección Municipal de Salud de El Molino;
44279;Dirección Municipal de Salud de Fonseca;
44378;Dirección Municipal de Salud de Hatonuevo;
44420;Dirección Municipal de Salud de la Jagua del Pilar;
44430;Dirección Municipal de Salud de Maicao;
44560;Dirección Municipal de Salud de Manaure;
44650;Dirección Municipal de Salud de San Juan del Cesar;
44847;Dirección Municipal de Salud de Uribia;
44855;Dirección Municipal de Salud de Urumita;
44874;Dirección Municipal de Salud de Villanueva;
47000;Dirección Departamental del Magdalena;
47001;Dirección Municipal de Salud de Santa Marta;
47030;Dirección Municipal de Salud de Algarrobo;
47053;Dirección Municipal de Salud de Aracataca;
47058;Dirección Municipal de Salud de Ariguani;
47161;Dirección Municipal de Salud de Cerro San Antonio;
47170;Dirección Municipal de Salud de Chivolo;
47189;Dirección Municipal de Salud de Cienaga;
47205;Dirección Municipal de Salud de Concordia;
47245;Dirección Municipal de Salud de El Banco;
47258;Dirección Municipal de Salud de El Piñon;
47268;Dirección Municipal de Salud de El Reten;
47288;Dirección Municipal de Salud de Fundacion;
47318;Dirección Municipal de Salud de Guamal;
47460;Dirección Municipal de Salud de Nueva Granada;
47541;Dirección Municipal de Salud de Pedraza;
47545;Dirección Municipal de Salud de Pijino del Carmen;
47551;Dirección Municipal de Salud de Pivijay;
47555;Dirección Municipal de Salud de Plato;
47570;Dirección Municipal de Salud de Puebloviejo;
47605;Dirección Municipal de Salud de Remolino;
47660;Dirección Municipal de Salud de Sabanas de San Angel;
47675;Dirección Municipal de Salud de Salamina;
47692;Dirección Municipal de Salud de San Sebastian de Buenavista;
47703;Dirección Municipal de Salud de San Zenon;
47707;Dirección Municipal de Salud de Santa Ana;
47720;Dirección Municipal de Salud de Santa Barbara de Pinto;
47745;Dirección Municipal de Salud de Sitionuevo;
47798;Dirección Municipal de Salud de Tenerife;
47960;Dirección Municipal de Salud de Zapayan;
47980;Dirección Municipal de Salud de Zona Bananera;
50000;Dirección Departamental del Meta;
50001;Dirección de Salud de Villavicencio;
50006;Dirección Municipal de Acacias;
50110;Dirección Municipal de Salud de Barranca de Upia;
50124;Dirección Municipal de Salud de Cabuyaro;
50150;Dirección Municipal de Salud de Castilla la Nueva;
50223;Dirección Municipal de Salud de San Luis de Cubarral;
50226;Dirección Municipal de Salud de Cumaral;
50245;Dirección Municipal de Salud de El Calvario;
50251;Dirección Municipal de Salud de El Castillo;
50270;Dirección Municipal de Salud de El Dorado;
50287;Dirección Municipal de Salud de Fuente de Oro;
50313;Dirección Municipal de Salud de Granada;
50318;Dirección Municipal de Salud de Guamal;
50325;Dirección Municipal de Salud de Mapiripan;
50330;Dirección Municipal de Salud de Mesetas;
50350;Dirección Municipal de Salud de la Macarena;
50370;Dirección Municipal de Salud de la Uribe;
50400;Dirección Municipal de Salud de Lejanias;
50450;Dirección Municipal de Salud de Puerto Concordia;
50568;Dirección Municipal de Salud de Puerto Gaitan;
50573;Dirección Municipal de Salud de Puerto Lopez;
50577;Dirección Municipal de Salud de Puerto Lleras;
50590;Dirección Municipal de Salud de Puerto Rico;
50606;Dirección Municipal de Salud de Restrepo;
50680;Dirección Municipal de Salud de San Carlos Guaroa;
50683;Dirección Municipal de Salud de San Juan de Arama;
50686;Dirección Municipal de Salud de San Juanito;
50689;Dirección Municipal de Salud de San Martin;
50711;Dirección Municipal de Salud de Vista Hermosa;
52000;Dirección Departamental de Nariño;
52001;Dirección Municipal de Salud de Pasto;
52019;Dirección Municipal de Salud de Alban;
52022;Dirección Municipal de Salud de Aldana;
52036;Dirección Municipal de Salud de Ancuya;
52051;Dirección Municipal de Salud de Arboleda;
52079;Dirección Municipal de Salud de Barbacoas;
52083;Dirección Municipal de Salud de Belen;
52110;Dirección Municipal de Salud de Buesaco;
52203;Dirección Municipal de Salud de Colon;
52207;Dirección Municipal de Salud de Consaca;
52210;Dirección Municipal de Salud de Contadero;
52215;Dirección Municipal de Salud de Cordoba;
52224;Dirección Municipal de Salud de Cuaspud;
52227;Dirección Municipal de Salud de Cumbal;
52233;Dirección Municipal de Salud de Cumbitara;
52240;Dirección Municipal de Salud de Chachagui;
52250;Dirección Municipal de Salud de El Charco;
52254;Dirección Municipal de Salud de El Penol;
52256;Dirección Municipal de Salud de El Rosario;
52258;Dirección Municipal de Salud de El Tablon de Gomez;
52260;Dirección Municipal de Salud de El Tambo;
52287;Dirección Municipal de Salud de Funes;
52317;Dirección Municipal de Salud de Guachucal;
52320;Dirección Municipal de Salud de Guaitarilla;
52323;Dirección Municipal de Salud de Gualmatan;
52352;Dirección Municipal de Salud de Iles;
52354;Dirección Municipal de Salud de Imues;
52356;Dirección Municipal de Salud de Ipiales;
52378;Dirección Municipal de Salud de la Cruz;
52381;Dirección Municipal de Salud de la Florida;
52385;Dirección Municipal de Salud de la Llanada;
52390;Dirección Municipal de Salud de la Tola;
52399;Dirección Municipal de Salud de la Union;
52405;Dirección Municipal de Salud de Leiva;
52411;Dirección Municipal de Salud de Linares;
52418;Dirección Municipal de Salud de Los Andes;
52427;Dirección Municipal de Salud de Magui;
52435;Dirección Municipal de Salud de Mallama;
52473;Dirección Municipal de Salud de Mosquera;
52480;Dirección Municipal de Salud de Narino;
52490;Dirección Municipal de Salud de Olaya Herrera;
52506;Dirección Municipal de Salud de Ospina;
52520;Dirección Municipal de Salud de Francisco Pizarro;
52540;Dirección Municipal de Salud de Policarpa;
52560;Dirección Municipal de Salud de Potosi;
52565;Dirección Municipal de Salud de Providencia;
52573;Dirección Municipal de Salud de Puerres;
52585;Dirección Municipal de Salud de Pupiales;
52612;Dirección Municipal de Salud de Ricaurte;
52621;Dirección Municipal de Salud de Roberto Payan;
52678;Dirección Municipal de Salud de Samaniego;
52683;Dirección Municipal de Salud de Sandona;
52685;Dirección Municipal de Salud de San Bernardo;
52687;Dirección Municipal de Salud de San Lorenzo;
52693;Dirección Municipal de Salud de San Pablo;
52694;Dirección Municipal de Salud de San Pedro de Cartago;
52696;Dirección Municipal de Salud de Santa Barbara;
52699;Dirección Municipal de Salud de Santacruz;
52720;Dirección Municipal de Salud de Sapuyes;
52786;Dirección Municipal de Salud de Taminango;
52788;Dirección Municipal de Salud de Tangua;
52835;Dirección Municipal de Salud de Tumaco;
52838;Dirección Municipal de Salud de Tuquerres;
52885;Dirección Municipal de Salud de Yacuanquer;
54000;Dirección Departamental de Santander;
54001;Dirección de Salud de Cucuta;
54003;Dirección Municipal de Salud de Abrego;
54051;Dirección Municipal de Salud de Arboledas;
54099;Dirección Municipal de Salud de Bochalema;
54109;Dirección Municipal de Salud de Bucarasica;
54125;Dirección Municipal de Salud de Cacota;
54128;Dirección Municipal de Salud de Cachira;
54172;Dirección Municipal de Salud de Chinacota;
54174;Dirección Municipal de Salud de Chitaga;
54206;Dirección Municipal de Salud de Convencion;
54223;Dirección Municipal de Salud de Cucutilla;
54239;Dirección Municipal de Salud de Durania;
54245;Dirección Municipal de Salud de El Carmen;
54250;Dirección Municipal de Salud de El Tarra;
54261;Dirección Municipal de Salud de El Zulia;
54313;Dirección Municipal de Salud de Gramalote;
54344;Dirección Municipal de Salud de Hacari;
54347;Dirección Municipal de Salud de Herran;
54377;Dirección Municipal de Salud de Labateca;
54385;Dirección Municipal de Salud de la Esperanza;
54398;Dirección Municipal de Salud de la Playa;
54405;Dirección Municipal de Salud de Los Patios;
54418;Dirección Municipal de Salud de Lourdes;
54480;Dirección Municipal de Salud de Mutiscua;
54498;Dirección Municipal de Salud de Ocaña;
54518;Dirección Municipal de Salud de Pamplona;
54520;Dirección Municipal de Salud de Pamplonita;
54553;Dirección Municipal de Salud de Puerto Santander;
54599;Dirección Municipal de Salud de Ragonvalia;
54660;Dirección Municipal de Salud de Salazar;
54670;Dirección Municipal de Salud de San Calixto;
54673;Dirección Municipal de Salud de San Cayetano;
54680;Dirección Municipal de Salud de Santiago;
54720;Dirección Municipal de Salud de Sardinata;
54743;Dirección Municipal de Salud de Silos;
54800;Dirección Municipal de Salud de Teorama;
54810;Dirección Municipal de Salud de Tibu;
54820;Dirección Municipal de Salud de Toledo;
54871;Dirección Municipal de Salud de Villa Caro;
54874;Dirección Municipal de Salud de Villa del Rosario;
63000;Dirección Departamental de Quindio;
63001;Dirección Municipal de Salud de Armenia;
63111;Dirección Municipal de Salud de Buenavista;
63130;Dirección Municipal de Salud de Calarca;
63190;Dirección Municipal de Salud de Circasia;
63212;Dirección Municipal de Salud de Cordoba;
63272;Dirección Municipal de Salud de Filandia;
63302;Dirección Municipal de Salud de Genova;
63401;Dirección Municipal de Salud de la Tebaida;
63470;Dirección Municipal de Salud de Montenegro;
63548;Dirección Municipal de Salud de Pijao;
63594;Dirección Municipal de Salud de Quimbaya;
63690;Dirección Municipal de Salud de Salento;
66000;Dirección Departamental de Risaralda;
66001;Dirección Local de Salud Pereira;
66045;Dirección Local de Salud de Apia;
66075;Dirección Municipal de Salud de Balboa;
66088;Dirección Municipal de Salud de Belen de Umbria;
66170;Dirección Municipal de Salud de Dos Quebradas;
66318;Dirección Municipal de Salud de Guatica;
66383;Dirección Municipal de Salud de la Celia;
66400;Dirección Local de Salud la Virginia;
66440;Dirección Municipal de Salud de Marsella;
66456;Dirección Municipal de Salud de Mistrato;
66572;Dirección Municipal de Salud de Pueblo Rico;
66594;Dirección Local de Salud de Quinchia Rsda;
66682;Dirección Municipal de Salud de Santa Rosa de Cabal;
66687;Dirección Municipal de Salud de Santuario;
68000;Direcion Departamerntal de Santander;
68001;Dirección Municipal de Salud de Bucaramanga;
68013;Dirección Municipal de Salud de Aguada;
68020;Dirección Municipal de Salud de Albania Santander;
68051;Dirección Municipal de Salud de Aratoca;
68077;Dirección Municipal de Salud de Barbosa;
68079;Dirección Municipal de Salud de Barichara;
68081;Dirección Municipal de Salud de Barrancabermeja;
68092;Dirección Municipal de Salud de Betulia;
68101;Dirección Municipal de Salud de Bolivar;
68121;Dirección Municipal de Salud de Cabrera;
68132;Dirección Municipal de Salud de California;
68147;Dirección Municipal de Salud de Capitanejo;
68152;Dirección Municipal de Salud de Carcasi;
68160;Dirección Municipal de Salud de Cepita;
68162;Dirección Municipal de Salud de Cerrito;
68167;Dirección Municipal de Salud de Charala;
68169;Dirección Municipal de Salud de Charta;
68176;Dirección Municipal de Salud de Chima;
68179;Dirección Municipal de Salud de Chipata;
68190;Dirección Municipal de Salud de Cimitarra;
68207;Dirección Municipal de Salud de Concepcion;
68209;Dirección Municipal de Salud de Confines;
68211;Dirección Municipal de Salud de Contratacion;
68217;Dirección Municipal de Salud de Coromoro;
68229;Dirección Municipal de Salud de Curiti;
68235;Dirección Municipal de Salud de El Carmen de Chucuri;
68245;Dirección Municipal de Salud de El Guacamayo;
68250;Dirección Municipal de Salud de El Peñon;
68255;Dirección Municipal de Salud de El Playon;
68264;Dirección Municipal de Salud de Encino;
68266;Dirección Municipal de Salud de Enciso;
68271;Dirección Municipal de Salud de El Florian;
68276;Dirección Municipal de Salud de Floridablanca;
68296;Dirección Municipal de Salud de Galan;
68298;Dirección Municipal de Salud de Gambita;
68307;Dirección Municipal de Salud de Giron;
68318;Dirección Municipal de Salud de Guaca;
68320;Dirección Municipal de Salud de Guadalupe;
68322;Dirección Municipal de Salud de Guapota;
68324;Dirección Municipal de Salud de Guavata;
68327;Dirección Municipal de Salud de Guepsa;
68344;Dirección Municipal de Salud de Hato;
68368;Dirección Municipal de Salud de Jesus Maria;
68370;Dirección Municipal de Salud de Jordan;
68377;Dirección Municipal de Salud de la Belleza;
68385;Dirección Municipal de Salud de Landazuri;
68397;Dirección Municipal de Salud de la Paz;
68406;Dirección Municipal de Salud de Lebrija;
68418;Dirección Municipal de Salud de Los Santos;
68425;Dirección Municipal de Salud de Macaravita;
68432;Dirección Municipal de Salud de Malaga;
68444;Dirección Municipal de Salud de Matanza;
68464;Dirección Municipal de Salud de Mogotes;
68468;Dirección Municipal de Salud de Molagavita;
68498;Dirección Municipal de Salud de Ocamonte;
68500;Dirección Municipal de Salud de Oiba;
68502;Dirección Municipal de Salud de Onzaga;
68522;Dirección Municipal de Salud de Palmar;
68524;Dirección Municipal de Salud de Palmas del Socorro;
68533;Dirección Municipal de Salud de Paramo;
68547;Dirección Municipal de Salud de Piedecuesta;
68549;Dirección Municipal de Salud de Pinchote;
68572;Dirección Municipal de Salud de Puente Nacional;
68573;Dirección Municipal de Salud de Puerto Parra;
68575;Dirección Municipal de Salud de Puerto Wilches;
68615;Dirección Municipal de Salud de Rionegro;
68655;Dirección Municipal de Salud de Sabana de Torres;
68669;Dirección Municipal de Salud de San Andres;
68673;Dirección Municipal de Salud de San Benito;
68679;Dirección Municipal de Salud de San Gil;
68682;Dirección Municipal de Salud de San Joaquin;
68684;Dirección Municipal de Salud de San Jose de Miranda;
68686;Dirección Municipal de Salud de San Miguel;
68689;Dirección Municipal de Salud de San Vicente de Chucuri;
68705;Dirección Municipal de Salud de Santa Barbara;
68720;Dirección Municipal de Salud de Santa Helena del Opon;
68745;Dirección Municipal de Salud de Simacota;
68755;Dirección Municipal de Salud de Socorro;
68770;Dirección Municipal de Salud de Suaita;
68773;Dirección Municipal de Salud de Sucre;
68780;Dirección Municipal de Salud de Surata;
68820;Dirección Municipal de Salud de Tona;
68855;Dirección Municipal de Salud de Valle San Jose;
68861;Dirección Municipal de Salud de Velez;
68867;Dirección Municipal de Salud de Vetas;
68872;Dirección Municipal de Salud de Villanueva;
68895;Dirección Municipal de Salud de Zapatoca;
70000;Dirección Departamental de Sucre;
70001;Dirección Municipal de Salud de Sincelejo;
70110;Dirección Municipal de Salud de Buenavista;
70124;Dirección Municipal de Salud de Caimito;
70204;Dirección Municipal de Salud de Coloso;
70215;Dirección Municipal de Salud de Corozal;
70221;Dirección Municipal de Salud de Coveñas;
70230;Dirección Municipal de Salud de Chalan;
70233;Dirección Municipal de Salud de El Roble;
70235;Dirección Municipal de Salud de Galeras;
70265;Dirección Municipal de Salud de Guaranda;
70400;Dirección Municipal de Salud de la Union;
70418;Dirección Municipal de Salud de Los Palmitos;
70429;Dirección Municipal de Salud de Majagual;
70473;Dirección Municipal de Salud de Morroa;
70508;Dirección Municipal de Salud de Ovejas;
70523;Dirección Municipal de Salud de Palmito;
70670;Dirección Municipal de Salud de Sampues;
70678;Dirección Municipal de Salud de San Benito Abad;
70702;Dirección Municipal de Salud de San Juan Betulia;
70708;Dirección Municipal de Salud de San Marcos;
70713;Dirección Municipal de Salud de San Onofre;
70717;Dirección Municipal de Salud de San Pedro;
70742;Dirección Municipal de Salud de Since;
70771;Dirección Municipal de Salud de Sucre;
70820;Dirección Municipal de Salud de Santiago de Tolu;
70823;Dirección Municipal de Salud de Tolu Viejo;
73000;Direcion Departamental de Tolima;
73001;Dirección Municipal de Ibague;
73024;Dirección Municipal de Salud de Alpujarra;
73026;Dirección Municipal de Salud de Alvarado;
73030;Dirección Municipal de Salud de Ambalema;
73043;Dirección Municipal de Salud de Anzoategui;
73055;Dirección Municipal de Salud de Armero;
73067;Dirección Municipal de Salud de Ataco;
73124;Dirección Municipal de Salud de Cajamarca;
73148;Dirección Municipal de Salud de Carmen Apicala;
73152;Dirección Municipal de Salud de Casabianca;
73168;Dirección Municipal de Salud de Chaparral;
73200;Dirección Municipal de Salud de Coello;
73217;Dirección Municipal de Salud de Coyaima;
73226;Dirección Municipal de Salud de Cunday;
73236;Dirección Municipal de Salud de Dolores;
73268;Dirección Municipal de Salud de Espinal;
73270;Dirección Municipal de Salud de Falan;
73275;Dirección Municipal de Salud de Flandes;
73283;Dirección Municipal de Salud de Fresno;
73319;Dirección Municipal de Salud de Guamo;
73347;Dirección Municipal de Salud de Herveo;
73349;Dirección Municipal de Salud de Honda;
73352;Dirección Municipal de Salud de Icononzo;
73408;Dirección Municipal de Salud de Lerida;
73411;Dirección Municipal de Salud de Libano;
73443;Dirección Municipal de Salud de Mariquita;
73449;Dirección Municipal de Salud de Melgar;
73461;Dirección Municipal de Salud de Murillo;
73483;Dirección Municipal de Salud de Natagaima;
73504;Dirección Municipal de Salud de Ortega;
73520;Dirección Municipal de Salud de Palocabildo;
73547;Dirección Municipal de Salud de Piedras;
73555;Dirección Municipal de Salud de Planadas;
73563;Dirección Municipal de Salud de Prado;
73585;Dirección Municipal de Salud de Purificacion;
73616;Dirección Municipal de Salud de Rioblanco;
73622;Dirección Municipal de Salud de Roncesvalles;
73624;Dirección Municipal de Salud de Rovira;
73671;Dirección Municipal de Salud de Saldaña;
73675;Dirección Municipal de Salud de San Antonio;
73678;Dirección Municipal de Salud de San Luis;
73686;Dirección Municipal de Salud de Santa Isabel;
73770;Dirección Municipal de Salud de Suarez;
73854;Dirección Municipal de Salud de Valle de San Juan;
73861;Dirección Municipal de Salud de Venadillo;
73870;Dirección Municipal de Salud de Villahermosa;
73873;Dirección Municipal de Salud de Villarrica;
76000;Dirección Departamental del Valle del Cauca;
76001;Secretaria de Salud Municipal de Cali;
76020;Dirección Municipal de Salud de Alcala;
76036;Dirección Municipal de Salud de Andalucia;
76041;Dirección Municipal de Salud de Ansermanuevo;
76054;Dirección Municipal de Salud de Argelia;
76100;Dirección Municipal de Salud de Bolivar;
76109;Dirección Municipal de Salud de Buenaventura;
76111;Dirección Municipal de Salud de Guadalajara de Buga;
76113;Dirección Municipal de Salud de Bugalagrande;
76122;Dirección Municipal de Salud de Caicedonia;
76126;Dirección Municipal de Salud de Calima;
76130;Dirección Municipal de Salud de Candelaria;
76147;Dirección Municipal de Salud de Cartago;
76233;Dirección Municipal de Salud de Dagua;
76243;Dirección Municipal de Salud de El Aguila;
76246;Dirección Municipal de Salud de El Cairo;
76248;Dirección Municipal de Salud de El Cerrito;
76250;Dirección Municipal de Salud de El Dovio;
76275;Dirección Municipal de Salud de Florida;
76306;Dirección Municipal de Salud de Ginebra;
76318;Dirección Municipal de Salud de Guacari;
76364;Dirección Municipal de Salud de Jamundi;
76377;Dirección Municipal de Salud de la Cumbre;
76400;Dirección Municipal de Salud de la Union;
76403;Dirección Municipal de Salud de la Victoria;
76497;Dirección Municipal de Salud de Obando;
76520;Dirección Municipal de Salud de Palmira;
76563;Dirección Municipal de Salud de Pradera;
76606;Dirección Municipal de Salud de Restrepo;
76616;Dirección Municipal de Salud de Riofrio;
76622;Dirección Municipal de Salud de Roldanillo;
76670;Dirección Municipal de Salud de San Pedro;
76736;Dirección Municipal de Salud de Sevilla;
76823;Dirección Municipal de Salud de Toro;
76828;Dirección Municipal de Salud de Trujillo;
76834;Dirección Municipal de Salud de Tulua;
76845;Dirección Municipal de Salud de Ulloa;
76863;Dirección Municipal de Salud de Versalles;
76869;Dirección Municipal de Salud de Vijes;
76890;Dirección Municipal de Salud de Yotoco;
76892;Dirección Municipal de Salud de Yumbo;
76895;Dirección Municipal de Salud de Zarzal;
81000;Dirección Departamental de Arauca;
81001;Dirección Municipal de Salud de Arauca;
81065;Dirección Municipal de Salud de Arauquita;
81220;Dirección Municipal de Salud de Cravo Norte;
81300;Dirección Municipal de Salud de Fortul;
81591;Dirección Municipal de Salud de Puerto Rondon;
81736;Dirección Municipal de Salud de Saravena;
81794;Dirección Municipal de Salud de Tame;
85000;Dirección Departamental de Casanare;
85001;Dirección Municipal de Salud de Yopal;
85010;Dirección Municipal de Salud de Aguazul;
85015;Dirección Municipal de Salud de Chameza;
85125;Dirección Municipal de Salud de Hato Corozal;
85136;Dirección Municipal de Salud de la Salina;
85139;Dirección Municipal de Salud de Mani;
85162;Dirección Municipal de Salud de Monterrey;
85225;Dirección Municipal de Salud de Nunchia;
85230;Dirección Municipal de Salud de Orocue;
85250;Dirección Municipal de Salud de Paz de Ariporo;
85263;Dirección Municipal de Salud de Pore;
85279;Dirección Municipal de Salud de Recetor;
85300;Dirección Municipal de Salud de Sabanalarga;
85315;Dirección Municipal de Salud de Sacama;
85325;Dirección Municipal de Salud de San Luis de Palenque;
85400;Dirección Municipal de Salud de Tamara;
85410;Dirección Municipal de Salud de Tauramena;
85430;Dirección Municipal de Salud de Trinidad;
85440;Dirección Municipal de Salud de Villanueva;
86000;Dirección Departamental de Putumayo;
86001;Dirección Municipal de Salud de Mocoa;
86219;Dirección Municipal de Salud de Colon;
86320;Dirección Municipal de Salud de Orito;
86568;Dirección Municipal de Salud de Puerto Asis;
86569;Dirección Municipal de Salud de Puerto Caicedo;
86571;Dirección Municipal de Salud de Puerto Guzman;
86573;Dirección Municipal de Salud de Leguizamo;
86749;Dirección Municipal de Salud de Sibundoy;
86755;Dirección Municipal de Salud de San Francisco;
86757;Dirección Municipal de Salud de San Miguel de Sema;
86760;Dirección Municipal de Salud de Santiago;
86865;Dirección Municipal de Salud de Valle del Guamuez la Hormiga;
86885;Dirección Municipal de Salud de Villagarzon;
88000;Secretaria Departamental de San Andres;
88001;Dirección Municipal de Salud de San Andres;
88564;Dirección Municipal de Salud de Providencia y Santa Catalina;
91000;Dirección Departamental de Amazonas;
91001;Dirección Municipal de Salud de Leticia;
91263;Dirección Municipal de Salud de El Encanto;
91405;Dirección Municipal de Salud de la Chorrera;
91407;Dirección Municipal de Salud de la Pedrera;
91430;Dirección Municipal de Salud de la Victoria;
91460;Dirección Municipal de Salud de Miritiparana;
91530;Dirección Municipal de Salud de Puerto Alegria;
91536;Dirección Municipal de Salud de Puerto Arica;
91540;Dirección Municipal de Salud de Puerto Nariño;
91669;Dirección Municipal de Salud de Puerto Santander;
91798;Dirección Municipal de Salud de Tarapaca;
94000;Dirección Departamental de Guainia;
94001;Dirección Municipal de Salud de Inirida;
94343;Dirección Municipal de Salud de Barranco Mina;
94663;Dirección Municipal de Salud de Mapiripana;
94883;Dirección Municipal de Salud de San Felipe;
94884;Dirección Municipal de Salud de Puerto Colombia;
94885;Dirección Municipal de Salud de la Guadalupe;
94886;Dirección Municipal de Salud de Cacahual;
94887;Dirección Municipal de Salud de Pana Pana;
94888;Dirección Municipal de Salud de Morichal;
95000;Dirección Departamental de Guaviare;
95001;Dirección Municipal de Salud de San Jose del Guaviare;
95015;Dirección Municipal de Salud de Calamar;
95025;Dirección Municipal de Salud de El Retorno;
95200;Dirección Municipal de Salud de Miraflores;
97000;Dirección Departamental de Vaupes;
97001;Dirección Municipal de Salud de Mitu;
97161;Dirección Municipal de Salud de Caruru;
97511;Dirección Municipal de Salud de Pacoa;
97666;Dirección Municipal de Salud de Taraira;
97777;Dirección Municipal de Salud de Papunahua;
97889;Dirección Municipal de Salud de Yavarate;
99000;Dirección Departamental de Vichada;
99001;Dirección Municipal de Salud de Puerto Carreño;
99524;Dirección Municipal de Salud de la Primavera;
99624;Dirección Municipal de Salud de Santa Rosalia;
99773;Dirección Municipal de Salud de Cumaribo;
ARL001;Arl Positiva;
ARL002;Seguros Bolivar;
ARL003;Seguros de Vida Aurora Sa;
ARL004;Liberty Seguros de Vida;
ARL005;Mapfre Colombia Vida Seguros Sa;
ARL006;Riesgos Laborales Colmena;
ARL007;Seguros de Vida Alfa;
ARL008;Seguros de Vida Colpatria S.A.;
ARL009;Seguros de Vida la Equidad Organismo C.;
ARL010;Sura  Cia. Suramericana de Seguros de Vida;
ARP020;Royal & Sunalliance;
ARP026;Aseg Bbva Ganadero Sa;
AT1333;Aseg Liberty Seguros Sa;
CCF001;Caja de Compensacion Familiar Camacol Comfamiliar Camacol;
CCF002;Caja de Compensacion Familiar de Antioquia Ucomfamao;
CCF004;Caja de Compensacion Familiar de Arauca (Comfiar);
CCF005;Caja de Compensacion Familiar de Barranquilla (Combarranquilla);
CCF006;Caja de Compensancion Familiar Comfamiliar del Atlantico;
CCF007;Caja de Compensacion Familiar de Cartagena y Bolivar Comfamiliar;
CCF008;Caja de Compensancion Familiar de Fenalco Andi Comfenalco Cartagena;
CCF009;Caja de Compensacion Familiar de Boyaca Ucomfaboyo;
CCF010;Caja de Compensacion Familiar de la Dorada (Comfamiliar);
CCF011;Caja de Compensacion Familiar de Caldas (Comfamiliares);
CCF012;Caja de Compensacion Familiar del Caqueta (Comfaca);
CCF013;Caja de Compensacion Familiar del Cesar (Comfacesar);
CCF014;Caja de Compensacion Familiar del Cauca (Comfacauca);
CCF015;Caja de Compensacion Familiar de Cordoba Ucomfacoro;
CCF016;Caja de Compensacion Familiar Aseguradores;
CCF017;Caja de Compensacion Familiar Asfamilias;
CCF018;Caja de Compensacion Familiar Ucafamo;
CCF019;Caja de Compensacion Familiar Colsubsidio;
CCF020;Caja de Compensacion Familiar Campesina;
CCF021;Caja de Compensacion Familiar de Cundinamarca Comfacundi;
CCF022;Caja de Compensacion Familiar Compensar;
CCF023;Caja de Compensacion Familiar de la Guajira Comfaguajira;
CCF024;Caja de Compensacion Familiar del Huila Ucomfamiliar Huilao;
CCF025;Caja de Compensacion Familiar de Magdalena;
CCF026;Caja de Compensacion Familiar Regional del Meta Cofrem;
CCF027;Caja de Compensacion Familiar de Nariño;
CCF028;Caja de Compensacion Familiar de Fenalco Comfenalco Quindio;
CCF029;Caja de Compensacion Familiar de Risaralda Comfamiliar Risaralda;
CCF030;Caja de Compensacion Familiar de la Camara de Comercio de San Andres y Providencia Islas Cajasai;
CCF031;Caja Santandereana de Subsidio Familiar  Cajasan;
CCF032;Caja de Compensacion Familiar Comfenalco Santander;
CCF033;Caja de Compensacion Familiar de Sucre;
CCF034;Caja de Compensacion Familiar del Sur del Tolima Cafasur;
CCF035;Caja de Compensacion Familiar de Barrancabermeja;
CCF036;Caja de Compensacion Familiar del Tolima Comfatolima;
CCF037;Caja de Compensacion Familiar de Fenalco de Tolima Comfenalco;
CCF038;Caja de Compensacion Familiar Comfamiliar Buenaventura;
CCF039;Caja de Compensacion Familiar de Buga;
CCF040;Caja de Compensacion Familiar de Cartago Comfacartago;
CCF041;Caja de Compensacion Familiar del Valle del Cauca Comfamiliar Andi;
CCF042;Caja de Compensacion Familiar Comfamiliares Unidas del Valle 'comfaunion;
CCF043;Caja de Compensacion Familiar de Fenalco Comfenalco Buga;
CCF045;Caja de Compensacion Familiar del Norte de Santander Comfanorte;
CCF046;Caja de Compensacion Familiar de Acopi Barranquilla;
CCF047;Caja de Compensacion Familiar Indufamiliar;
CCF048;Caja de Compensacion Familiar Acopi Comfacopi;
CCF049;Caja de Compensacion Familiar del Oriente Colombiano Ucomfaorienteo;
CCF050;Caja de Compensacion Familiar del Oriente Colombiano Comfaoriente;
CCF053;Caja de Compensacion Familiar de Cundinamarca Comfacundi;
CCF054;Caja de Compensacion Familiar de Fenalco Comfenalco Cundinamarca;
CCF055;Caja de Compensacion Familiar Cajacopi Atlantico;
CCF101;Caja Colombiana de Subsidio Familiar Colsubsidio;
CCF102;Caja de Compensacion Familiar del Choco;
CCF103;Comfaca;
CCFC07;Caja de Compensacion Familiar de Cartagena y Bolivar Comfamiliar;
CCFC09;Caja de Compensacion Familiar de Boyaca Ucomfaboyo;
CCFC10;Caja Colombiana de Subsidio Familiar Colsubsidio;
CCFC15;Caja de Compensacion Familiar de Cordoba Ucomfacoro;
CCFC18;Caja de Compensacion Familiar Ucafamo;
CCFC20;Caja de Compensacion Familiar del Choco;
CCFC23;Caja de Compensacion Familiar de la Guajira Comfaguajira;
CCFC24;Caja de Compensacion Familiar del Huila Ucomfamiliar Huilao;
CCFC27;Caja de Compensacion Familiar de Nariño;
CCFC33;Caja de Compensacion Familiar de Sucre;
CCFC50;Caja de Compensacion Familiar del Oriente Colombiano Comfaoriente;
CCFC53;Caja de Compensacion Familiar de Cundinamarca Comfacundi;
CCFC55;Caja de Compensacion Familiar Cajacopi Atlantico;
CCFCO2;Caja de Compensacion Familiar de Antioquia Comfama  Savia Salud EPS Contributivo;
EAS001;EAS EAS Caja de Prev Soc de Narino;
EAS002;EAS EAS Caja de Prev Soc de la Universidad Industrial de Santander;
EAS003;EAS EAS Caja de Prev Soc Municipal de Bucaramanga;
EAS004;Eascorpopracion Electrica de la Costa Caribe  Servicio de Salud;
EAS005;EAS Universidad de Antioquia Division de Salud;
EAS006;EAS Division de Salud de la Universidad de Antioquia;
EAS007;EAS EAS Caja de Prev Soc Municipal de Ibague;
EAS009;EAS EAS Caja de Prev Soc del Departamento de Arauca;
EAS010;EAS Servicio de Salud de la Corporacion Autonoma Regional del Valle del Cauca;
EAS011;EAS Servicio Medico Universidad de Caldas;
EAS012;EAS Departamento Medico y Odontologico Municipio de Medellin;
EAS013;EAS Division de Servicio Medico del Municipio de Santiago de Cali;
EAS014;EAS Caja de Prev Soc Departamental del Cauca;
EAS015;EAS Caja de Prev Soc de Boyaca;
EAS016;Empresas Publicas de Medellin E.S.P.  Ee.Pp.M;
EAS017;EAS Caja de Prev Soc de la Superintendencia Bancaria;
EAS018;EAS Caja Departamental de Prevision de Norte de Santander;
EAS019;EAS Caja de Prevision Social de la Superintendencia Bancaria;
EAS020;EAS Caja de Prev Soc de la Universidad Tecnologica del Choco;
EAS021;EAS Caja de Prev Soc de la Universidad Nacional;
EAS022;EAS Inst Col de la Reforma Agraria Prog Sma;
EAS024;EAS Servicio Medico de la Universidad del Valle;
EAS025;EAS Fondo de Salud de la Universidad de Cordoba;
EAS026;EAS Fondo Prestacional de la Universidad de Narino;
EAS027;Fondo de Pasivo Social de Ferrocarriles Nacionales de Colombia;
EAS029;EAS Empresa Acueducto y Alcantarillado de Bogota Sm;
EAS030;EAS Caja de Prev Soc de la Universidad de Cartagena;
EMP002;Medplus Medicina Prepagada S.A.;
EMP005;Emp Salud Coomeva;
EMP012;Emp Humana S A;
EMP014;Emp Medisalud;
EMP015;Medisanitas S A Compañia de Medicina Prepagada;
EMP017;Colmedica Medicina Prepagada S A;
EMP019;Emp Salud Colpatria S. A.;
EMP021;EPS y Medicina Prepagada Suramericana S.A.;
EMP022;Vivir S.A. Medicina Prepagada;
EMP023;Compañia de Medicina Prepagada Colsanitas S.A.;
EMP024;Servicio de Salud Inmediato Medicina Prepagada S.A.;
EMP025;Plan U.H.C.M. Medicina Prepagada Comfenalco Valle;
EMP028;Coomeva Medicina Prepagada S.A.;
EMP029;Axa Colpatria Medicina Prepagada S.A.;
EMPT01;Emp Salud Colpatria S.A.;
EPS001;Aliansalud;
EPS002;Salud Total Epss S.A.;
EPS003;Cafesalud Entidad Promotora de Salud S.A.  Cafesalud EPS S.A.;
EPS004;EPS Bonsalud Sa;
EPS005;Entidad Promotora de Salud Sanitas S.A.  E.P.S. Sanitas S.A.;
EPS006;Instituto de Seguros Sociales Entidad Promotora de Salud en Liquidacion;
EPS007;EPS Unimec Sa;
EPS008;Caja Compensacion Familiar Compensar;
EPS009;Caja de Compensacion Familiar Ucomfenalco Antioquiao;
EPS010;EPS y Medicina Prepagada Suramericana S.A.;
EPS011;EPS Colseguros;
EPS012;EPS Comfenalco Valle;
EPS013;Saludcoop Entidad Promotora de Salud Organismo Cooperativo Saludcoop;
EPS014;Humana Vivir S A;
EPS015;Salud Colpatria S.A Entidad Promotora de Salud en Liquidacion  Salud Colpatria S.A E.P.S;
EPS016;Coomeva Entidad Promotora de Salud S.A.  Coomeva  E.P.S. S.A.;
EPS017;Famisanar Ltda. Cafam  Colsubsidio E.P.S.;
EPS018;Entidad Promotora de Salud Servicio Occidental de Salud S.A. S.O.S.;
EPS019;EPS Risaralda Ltda;
EPS020;Caja de Prevision Social de Comunicaciones Ucaprecomo;
EPS021;EPS Corporanonimas en Liquidacion;
EPS022;Entidad Promotora de Salud del Regimen Subsidiado EPS Convida;
EPS023;Cruz Blanca Entidad Promotora de Salud S.A;
EPS024;EPS Cajanal;
EPS025;Caja de Prevision Social de Casanare  Capresoca E.P.S.;
EPS026;Legal Strategy SAS Mandataria Solsalud EPS Liquidada;
EPS027;EPS Barranquilla Sana;
EPS028;Calisalud Entidad Promotora de Salud en Liquidacion;
EPS029;EPS de Caldas Sa;
EPS030;Entidad Promotora de Salud Condor S.A.   E.P.S. Condor S.A;
EPS031;Selvasalud S.A. Epss en Liquidacion Forzosa Administrativa;
EPS032;EPS Metropolitana de Salud;
EPS033;Saludvida E.P.S. S.A.;
EPS034;Saludcolombia Entidad Promotora de Salud S.A.;
EPS035;Red Salud Atencion Humana E.P.S. S.A. en Liquidacion;
EPS037;Nueva Empresa Promotora de Salud S.A. Sigla Nueva EPS S.A.;
EPS038;Multimedicas Salud Con Calidad Entidad Promotora de Salud S A en Liquidacion;
EPS039;Golden Group S.A. Entidad Promotora de Salud y Podra Usar Las Siglas Golden Group S.A. EPS;
EPS040;Alianza Medellin Antioquia EPS S.A.S. Savia Salud;
EPS044;Medimas EPS SAS;
EPS045;Medimas EPS SAS;
EPS046;Fundacion Salud Mia EPS;
EPSC03;Cafesalud EPS Contributivo;
EPSC20;Caja de Prevision Social de Comunicaciones Ucaprecomo;
EPSC22;Entidad Promotora de Salud del Regimen Subsidiado EPS Convida;
EPSC25;Caja de Prevision Social de Casanare  Capresoca E.P.S.;
EPSC33;Salud Vida Contributivo;
EPSC34;Capital Salud Entidad Promotora de Salud del Regimen Subsidiado SAS Capital Salud EPS S SAS;
EPSI01;Asociacion de Cabildos Indigenas del Cesar y la Guajira Dusakawi Epsi;
EPSI02;Asociacion de Cabildos del Resguardo Indigena Zenu de San Andres de Sotavento Cordoba y Sucre Manexka;
EPSI03;Asociacion Indigena del Cauca A.I.C. Epsi;
EPSI04;Empresa Promotora de Salud Indigena Anas Wayuu Epsi;
EPSI05;Entidad Promotora de Salud Mallamas Epsi;
EPSI06;Pijaos Salud Epsi;
EPSIC1;Asociacion de Cabildos Indigenas del Cesar y la Guajira Dusakawi Epsi;
EPSIC2;Asociacion de Cabildos del Resguardo Indigena Zenu de San Andres de Sotavento Cordoba y Sucre Manexka;
EPSIC3;Asociacion Indigena del Cauca A.I.C. Epsi;
EPSIC4;Empresa Promotora de Salud Indigena Anas Wayuu Epsi;
EPSIC5;Entidad Promotora de Salud Mallamas Epsi;
EPSIC6;Pijaos Salud Epsi;
EPSM03;Cafesalud Subsidiado;
EPSM33;Salud Vida S.A. Entidad Promotora de Salud Subsidiado;
EPSS01;Aliansalud Entidad Promotora de Salud S.A;
EPSS02;Salud Total Entidad Promotora de Salud del Regimen Contributivo y del Regimen Subsidiado S.A.;
EPSS03;Cafesalud Entidad Promotora de Salud S.A.  Cafesalud EPS S.A.;
EPSS05;Entidad Promotora de Salud Sanitas S.A.  E.P.S. Sanitas S.A.;
EPSS08;Caja Compensacion Familiar Compensar;
EPSS09;Comfenalco Antioquia Subsidiado;
EPSS10;EPS y Medicina Prepagada Suramericana S.A.;
EPSS12;Comfenalco Valle EPS Subsidiado;
EPSS13;Saludcoop Entidad Promotora de Salud Organismo Cooperativo Saludcoop;
EPSS14;Humana S A Epss en Liquidacion;
EPSS16;Coomeva Eps. S.A. Subsidiado;
EPSS17;EPS Famisanar Ltda. Subsidiado;
EPSS18;Entidad Promotora de Salud Servicio Occidental de Salud S.A. S.O.S.;
EPSS20;EPS Caprecom;
EPSS22;EPS Convida;
EPSS23;Cruz Blanca Entidad Promotora de Salud S.A;
EPSS25;Capresoca;
EPSS26;Legal Strategy SAS Mandataria Solsalud EPS Liquidada;
EPSS28;EPS Calisalud;
EPSS30;EPS Condor Sa;
EPSS31;EPS Selvasalud Sa;
EPSS33;Saludvida E.P.S. S.A.;
EPSS34;Capital Salud Entidad Promotora de Salud del Regimen Subsidiado SAS Capital Salud EPS S SAS;
EPSS39;Golden Group S.A. Entidad Promotora de Salud y Podra Usar Las Siglas Golden Group S.A. EPS;
EPSS40;Alianza Medellin Antioquia EPS S.A.S.;
EPSS41;Nueva Empresa Promotora de Salud S.A. Sigla Nueva EPS S.A.;
EPSS44;Medimas EPS SAS;
EPSS45;Medimas EPS SAS;
EPSS46;Fundacion Salud Mia EPS;
EPSSO1;Aliansalud Entidad Promotora de Salud S.A. Subsidiado;
EPSSO2;Salud Total S.A. Entidad Promotora de Salud Subsidiado;
EPST01;Savia Salud EPS;
ESS002;Empresa Mutual Para El Desarrollo Integral de la Salud E.S.S Emdisalud E.S.S Epss;
ESS024;Cooperativa Empresa Solidaria de Salud y Desarrollo Integral Ucoosalud E.S.S.;
ESS031;ESS Coesalud Ltda;
ESS032;ESS Ecosboyaca;
ESS033;ESS Coopsaludesa Ltda;
ESS034;ESS Copesam Ltda ESS;
ESS035;ESS Coesperanza Ltda;
ESS036;ESS Coopcentro;
ESS037;ESS Famisalud;
ESS038;ESS Aagrosalud;
ESS039;ESS Asociacion Mutual Para la Salud y Desarrollo Integral la Esperanza;
ESS040;ESS Mutualmani Ltda;
ESS041;ESS Mutuorocue Ltda;
ESS042;ESS Mutualpaz Ltda;
ESS043;ESS Mutuopalenque Ltda;
ESS044;ESS Mutualtauramena Ltda;
ESS045;ESS Mutualyopal Ltda;
ESS046;ESS de Argelia Ampebiv;
ESS047;ESS Asociacion Mutual la Nueva Esperanza;
ESS048;ESS Asociacion Mutual Campesina de Salud Bolivar;
ESS049;ESS Asociacion Mutual de Salud Vida Nueva de Buenos Aires;
ESS050;ESS Asociacion Mutual Campesina de Salud de Cajibio;
ESS051;ESS Asociacion Mutual la Mano Amiga;
ESS052;ESS Asociacion Mutual Solidaria de Salud del Municipio de El Patia E;
ESS053;ESS Asociacion Mutual la Esperanza;
ESS054;ESS Asociacion Mutual Prosalud Campesina Mercaderes;
ESS055;ESS Asociacion Mutual Vivir Mejor Asmuvime;
ESS056;ESS Asociacion Mutual Piendasalud;
ESS057;ESS Asociacion Mutual Activa Salud;
ESS058;ESS Coosabfam;
ESS059;ESS Asociacion Mutual de  Salud de Inza Capital Arqueologica Amsicac;
ESS060;ESS Asociacion Mutual Coconuco Purace;
ESS061;ESS Asociacion Mutual la Suiza de America;
ESS062;Asmet Salud EPS SAS;
ESS063;ESS Asociacion Mutual Para la Salud Desarrollo y Futuro Timbiano;
ESS064;ESS Asociacion Mutual Nuevo Horizonte de Timbiqui;
ESS065;ESS Cooperativa la Nueva Esperanza de Curumani;
ESS066;ESS Asociacion Mutual ESS Jagua de Ibirico Asom;
ESS067;ESS Asociacion Mutual Solidarias de Salud de Valledupar;
ESS068;ESS Asociacion Solidaria de Salud de Astrea;
ESS069;ESS Asociacion Alcides Fernandez ESS de Acandi;
ESS070;ESS Asociacion Playas del Pacifico ESS;
ESS071;ESS Asociacion Mutual El Revivir Bajo Baudo;
ESS072;ESS Asociacion Avancemos ESS de Bojaya;
ESS073;ESS Asociacion de Salud Carmeleña ESS;
ESS074;ESS Asociacion Golfo de Tribuga ESS;
ESS075;ESS Asociacion Mutual El Buen Vivir ESS Rio Quito;
ESS076;Asociacion Mutual Barrios Unidos de Quibdo Ambuq Epss ESS;
ESS077;ESS Asociacion Milagro de Dios;
ESS078;ESS Asociacion Una Esperanza;
ESS079;ESS Asociacion Mutual la Esperanza;
ESS080;ESS Ambusanber;
ESS081;ESS Asocicicion Mutual Salud de Lorica Amusal;
ESS082;ESS Asociacion Mutual Salud del Sinu Amuss;
ESS083;ESS Amucis;
ESS084;ESS Amsoti ESS;
ESS085;ESS Ecosoriente;
ESS086;ESS Fondoproseguridad Social de Loteros de Bogota;
ESS087;ESS Salud Norte;
ESS088;ESS Ecoopsals;
ESS089;ESS A M S de Caparrapi Amessalud;
ESS090;ESS Coopsolsa;
ESS091;Ecoopsos EPS SAS Epss;
ESS092;ESS Coopesaga Ltda;
ESS093;ESS Eciss;
ESS094;ESS Coopsam;
ESS095;ESS Coopdesu Ltda;
ESS096;ESS Ecoopsvergara;
ESS097;ESS Asociacion Mutual de Chia ESS;
ESS098;ESS Asociacion  Mutual El Porvenir ESS de Yacopi;
ESS099;ESS Asociacion ESS de Maicao;
ESS100;ESS Asociacion ESS de Riohacha Asmudig;
ESS101;ESS Asociacion Guaviare 2000 ESS;
ESS102;ESS Asociacion Para la Salud Solidaria de la Argentina ESS;
ESS103;ESS Asociacion Mutual de Solidaridad Plateña ESS Asomusp;
ESS104;ESS Asociacion Mutual Macizo Colombiano ESS;
ESS105;ESS Cooperativa Villasalud Ltda;
ESS106;ESS Asociacion Solidaria Para El Desarrollo Integral de Aracataca;
ESS107;ESS Asociacion Mutual Solidaria Para la Salud y Desarrollo Integral de El Piñon;
ESS108;ESS Asociacion Mutual Solidaria Para la Salud y Desarrollo Integral Para Fundacion;
ESS109;ESS Corsapivi;
ESS110;ESS Corporacion Salud Para Puebloviejo;
ESS111;ESS Amsde Santa Marta Asmussalud;
ESS113;ESS Asociacion Nuevo Amanecer ESS;
ESS114;ESS Asociacion Mutual ESS Cuaspud Carlosama;
ESS115;ESS Asociacion Mutual ESS Mallamas;
ESS116;ESS Asociacion Mutual de la Cruz ESS;
ESS117;ESS Asociacion Mutual Nuevo Amanecer de Mallama ESS  Amuna;
ESS118;Asociacion Mutual Empresa Solidaria de Salud Emssanar E.S.S;
ESS119;ESS Alcatraz Ltda;
ESS120;ESS Asocicicion Mutual Cooessalud;
ESS121;ESS Asomusavih;
ESS122;ESS Coeesspatios;
ESS123;ESS Copsosafa;
ESS124;ESS Amess;
ESS125;ESS Asociacion Mutual Solidaria de Salud y Desarrollo Integral de Quimbaya;
ESS126;ESS Belen;
ESS127;ESS Asodispro;
ESS128;ESS Coomulseb  Ltda;
ESS129;ESS Copesalud Ltda;
ESS130;ESS Coisbu Ltda;
ESS131;ESS Cooflorsalud Ltda;
ESS132;ESS Covisalud Ltda;
ESS133;Cooperativa de Salud Comunitaria Empresa Promotora de Salud Subsidiada Comparta Epss;
ESS134;ESS Villasalud Ltda;
ESS135;ESS A M S de Sabana de Torres;
ESS136;ESS Coesan Ltda;
ESS137;ESS Saluddar;
ESS138;ESS Empresa Coop Servicios de Salud Ècoopscunday;
ESS139;ESS Empresas Cooperativa del Salud de El Espinal;
ESS140;ESS Cooperativa de Buenaventura Coopesalud;
ESS141;ESS ESS Cooperativa de Salud Comutaria de Cali Coopsacoc;
ESS142;ESS ESS Cooperativa de Salud Solidaria de la Zona Plana del Sur;
ESS143;ESS Cooperativa de Palmira Essalud;
ESS144;ESS Cooperativa de Roldanillo;
ESS145;ESS Coopesac;
ESS146;ESS Coopsaver;
ESS147;ESS Cooperativa Zarzal;
ESS148;ESS Assavi;
ESS149;ESS Asociacion Mutual Permanente de Valencia Amsap;
ESS150;ESS Cooperativa Empresa Solidaria de Salud del Huila Cooemsalud Ltda ESS;
ESS151;ESS Cooperativa Integral Essdosquebradas;
ESS152;Essac ESS;
ESS153;Essbalboa;
ESS154;ESS Coopregiosalud  Ltda;
ESS155;ESS Asociacion Mutual de Planadas Amuplan;
ESS156;ESS Cooperativa de Salud Comunitaria Coomunisalud;
ESS157;ESS Maria Ofelia Villamizar Buitrago;
ESS158;ESS Santa Clara de Cucuta;
ESS159;ESS Puerto Santander;
ESS160;ESS Cooperativa Multiactiva Metropolitana Para la Salud Coomsalud;
ESS161;ESS Salazar Las Palmas;
ESS162;ESS Coopertiva Solidaria del Municipio de Arauquita Coopssa;
ESS163;ESS del Tibu;
ESS164;ESS Asociacion de Cabildos del Consejo Regional Indigena Crit;
ESS165;ESS Salud Suba;
ESS166;ESS Coporacion del Caribe Solcaribe;
ESS167;ESS Coop Esp en Sal en Colombia Colombiana de Salud Colsalud;
ESS168;ESS Cooperativa de Salud Tibu Coopsatibu ESS;
ESS169;ESS Asociacion Mutual Solidatia de Salud de Cerete Amucer ESS;
ESS170;ESS Asociacion Mutual ESS Guaitara de Ipiales;
ESS171;ESS Empresa Cooperativa de Salud del M/pio de Ataco la Esperanza;
ESS172;ESS Cooperativa Empresa Solidaria de Salud del Sur del Tolima Coepsurt ESS;
ESS173;ESS Cooperativa Solidaria de Salud Coopdesa;
ESS174;ESS  Salud Colombia;
ESS175;ESS Asociacion Mutual Admon Regimen Subsidiado en Salud Arssalud;
ESS176;ESS Asociacion Mutual Ocaña Para la Salud Solidaria;
ESS177;ESS Asociacion de Cabildos Indigenas del Cesar Dusakawi;
ESS178;ESS Asociacion Mutual Despertar ESS;
ESS179;ESS Asociacion Mutual la Sierra ESS Mutual la Sierra;
ESS182;ESS Asocicion Indigena del Cauca Aic;
ESS183;Empresa ESS Cooperativa de Salud y Calidad de Vida Ltda Cooperativa Nacers Ltda ESS;
ESS184;ESS Asoc de Cabildos de Resguardo Ind Zenu de San Andres de Sotavento Manexka;
ESS185;ESS Cooperativa Especializada de Salud Cooprevisalud Ltda;
ESS186;ESS Cooperativa la Magdalena Ltda ESS Coopsamam;
ESS187;ESS Asociacion Mutual Los Andes Amuandes;
ESS188;Empresa Solidaria de Salud Personalizada Persalud;
ESS189;ESS Cooperativa Especializada de Salud del Norte de Santander Coornosalud;
ESS190;ESS Asociacion Empresa Solidaria de Salud de la Guajira Solidsalud;
ESS191;ESS Cooperativa Generacion Salud Genesalud ESS;
ESS192;Empresa Cooperativa de Servicios de Sociales Ecoss;
ESS193;ESS Cooperativa de Bienestar en Salud ESS Coobisalud ESS;
ESS194;ESS Coop Espen Salud Limitada Coessalud Ltda;
ESS195;ESS Cooperativa Multiactiva de Salud y Desrrollo Integral del Caribe Coopsacaribe;
ESS196;ESS Cooperativa Integral de Salud ESS Cooinsalud;
ESS197;ESS Cooperativa Empresa Solidaria de Salud ESS Salud Sarare Ltda;
ESS198;ESS Coop Espen Salud Para la Familia Colombiana Ltda Salud Familia Ltda;
ESS199;Empresa Solidaria de Salud El Rosal de San Rafael;
ESS200;ESS Cooperativa Salud y Vida ESS Coopsavid;
ESS201;Empresa Solidaria de Salud Mi Salud;
ESS202;ESS Cooperativa de Salud de la Costa Saludcosta;
ESS203;ESS Asociacion Mutual Llanosalud Empresa Solidaria de Salud Llanosalud ESS;
ESS204;ESS Asociacion Mutual Solidaria Para la Salud de Colombia ESS Colombia Solidaria;
ESS205;ESS Cooperativa Especializada en Salud Prosusalud ESS;
ESS206;ESS Cooperativa de Salud del Magdalena Medio Coopsaman;
ESS207;Asociacion Mutual Ser Empresa Solidaria de Salud ESS;
ESS208;ESS Anas Wayuu EPS Indigena;
ESSC02;Empresa Mutual Para El Desarrollo Integral de la Salud E.S.S Emdisalud E.S.S Epss;
ESSC07;Asociacion Mutual Ser Empresa Solidaria de Salud ESS;
ESSC18;Asociacion Mutual Empresa Solidaria de Salud Emssanar E.S.S;
ESSC24;Ucoosalud E.S.S.O Entidad Promotora del Regimen Subsidiado Epss;
ESSC33;Cooperativa de Salud Comunitaria Empresa Promotora de Salud Subsidiada Comparta Epss;
ESSC62;Asmet Salud EPS SAS;
ESSC76;Asociacion Mutual Barrios Unidos de Quibdo Ambuq Epss ESS;
ESSC91;Ecoopsos EPS SAS Epsc;
ESSCO2;Empresa Mutual Para El Desarrollo Integral de la Salud E.S.S. Emdisalud ESS Contributivo;
ESSCO7;Asociacion Mutual Ser Empresa Solidaria de Salud ESS Contributivo;
HC1413;AIG Colombia Seguros de Vida Sa;
MIN001;Fondo de Solidaridad y Garantia Ministerio de Salud;
PEC001;PE Servicio Nacional de Aprendizaje Sena;
PEC002;PE Banco de la Republica;
PEC003;PE Empresa de Telefonos de Bogota Etb;
PEC004;EAS Ferrocarriles Nacionales;
PEC005;PE Avianca;
PEC006;PE Bavaria;
REEC01;Ecopetrol S.A.;
REFM01;Dirección General de Sanidad Militar;
REMG01;Fiduciaria la Previsora S.A.  Fiduprevisora S.A.;
REPN01;Dirección de Sanidad Policia Inacional;
RES001;RES Policia Nacional;
RES002;RES Ecopetrol;
RES003;RES Fuerzas Militares Hospital Militar;
RES004;RES Fondode Prestaciones Sociales del Magisterio;
RES005;Uatlantico;
RES006;Capruis;
RES007;Universidad del Valle;
RES008;Universidad Nacional;
RES009;Univeridad del Cauca;
RES010;Universidad de Cartagena;
RES011;Universidad de Antioquia;
RES012;Universidad de Cordoba;
RES013;Ferrocarriles;
RES014;UPTC;
RES015;RES Fondo de Prestaciones Sociales del Congreso de la Republica;
RES016;RES Inpec;
REUE01;Universidad Nacional de Colombia Unisalud;
REUE02;Caja de Prevision Social de la Universidad Industrial de Santander  Capruis;
REUE03;Fondo de Salud Universidad de Cordoba;
REUE04;Caja de Prevision Social de la Universidad de Cartagena;
REUE05;Fondo de Seguridad Social en Salud Universidad de Nariño;
REUE06;Unidad de Salud Universidad del Cauca;
REUE07;Programa de Salud Universidad de Antioquia;
REUE08;Servicio de Salud Universidad del Valle;
REUE09;Unidad de Salud de la Universidad del Atlantico;
REUE10;Unidad de Servicios de Salud de la Universidad Pedagogica y Tecnologica de Colombia (Unisalud Uptc);
SAP026;Emermedica S.A. Servicios de Ambulancia Prepagados;
SAP030;Empresa de Medicina Integral Emi Sa Servicio de Ambulancia Prepagada;
SAP031;Asistencia Medica Inmediataservicio de Ambulancia Prepagada S.A.;
SAP032;Servicio de Emergencias Regional (Servicio de Ambulancia Prepagado) S.A.;
SAP033;Coomeva Medicina Prepagada S.A.;
SAP034;Asistencia Medica SAS Servicio de Ambulancia Prepagado;
SAP035;Servicio de Asistencia Medica Inmediata S.A.  Servicio de Ambulancia Prepagado;
SAP036;Sistema de Traslado Apoyo Diagnostico y Terapeutico en Salud Trasmedica S.A. S.A.P. en Liquidacion;
SAP037;Servicios Medicos Integrales de Colombia Servicio de Ambulancias Prepagado S.A.S Usemi Sap S.A.S.O;
SAP038;Red Medica Medica Vital S.A.S. Servicio de Ambulancia Prepagado (Sap);
UT001;Caja Salud ARS UT Neiva;
UT001_;Caja Salud ARS UT Bogota;
UT002;UT Comfamiliares en Salud UT (Comfamiliar Cartagena y Comfenalco Cartagena);
UT003;Caja de Compensacion Familiar de Antioquia (Comfama);
UT004;UT Caja de Compensacion Familiar de Antioquia Ucomfamao;
UT004_;Comfama;
